ID,Simulation,Status,distance_closest_approach_hostRvir,distance_closest_approach_pkpc,final_distance,final_n_dm,final_n_gas,final_n_star,final_phi_z,final_x,final_y,final_z,final_z_away,impact_parameter_hostRvir,impact_parameter_kpc,infall_ID,infall_distance,infall_mass,infall_mass_ratio,infall_n_dm,infall_n_gas,infall_n_star,infall_phi_z,infall_radial_velocity,infall_relative_velocity,infall_tangential_velocity,infall_x,infall_y,infall_z,infall_z_away,max_sSFR,max_stellarmass,time_closest_approch,time_disruption,time_impact,time_infall,time_max_sSFR,time_max_stellarmass,time_quench
14840961025,h148,Survivor,0.11293179027824378,38.824875883033485,117.90194586964778,2049.0,0.0,4.0,2.0393223830889786,-94.20210630194924,-46.82103031315637,-53.241178880074585,105.19622479589876,0.37406342073353227,60.54819448685904,,117.28650414621394,188201.1226455781,8.647460329322671e-06,24449.0,0.0,4.0,1.533202284952702,-207.8533772022939,216.07700918885376,59.04445347025342,-53.14439579790087,104.46226453843155,4.408235204553421,117.20363269635136,,188220.09808537125,13.262038051297376,-1,5.868,5.612,,7.039366437428594,
14832642,h148,Zombie,0.07831880496003456,22.95538722858695,22.95538722858695,557901.0,599739.0,13688309.0,1.1290960578470424,12.340284629182861,16.68454655880487,9.81290396428085,20.7522702035747,0.07831880496003456,22.95538722858695,,65.42439154362101,4311091159.090869,0.06185855423092631,1051784.0,853280.0,14394360.0,1.402360855757824,-3.742427260201637,75.2358146097987,75.14267787484086,62.42410309594561,16.226234680325433,10.967755906236562,64.49852199263363,,4311091159.090869,10.999248373778887,10.999248373778887,-10.999,10.676,,10.675992705390708,
14840964127,h148,Survivor,0.47036403669897076,161.7066841824279,174.98002989632903,0.0,0.0,454.0,1.9877877402718909,19.674598776789935,158.7719007468586,-70.86892519801768,159.98626911018948,0.47036403669897076,161.7066841824279,,311.20618337232366,128762.59057636972,1.630615940474249e-06,0.0,0.0,456.0,2.1897093635208593,-143.76419293773364,266.8329795958513,224.79256177409897,21.929571843880694,-252.53001736853548,-180.54631753586,253.48040514684504,,231135.08826041565,13.262038051297376,-1,13.262,11.969,,6.904676575652035,
32913443,h329,Zombie,0.800414020639079,76.31130724835617,76.31130724835617,2189721.0,1390059.0,425866.0,2.9805418504634096,10.998061144407984,5.365193236948471,-75.32378752125442,12.236937827983553,0.800414020639079,76.31130724835617,,76.31130724835617,134512826.5279726,0.020009899802306393,2189721.0,1390059.0,425866.0,2.9805418504634096,-165.66589023511204,170.35072908561327,39.675984078631416,10.998061144407984,5.365193236948471,-75.32378752125442,12.236937827983553,,134512826.5279726,4.534135008608329,4.534135008608329,-4.534,4.534,,4.534135008608329,
14840961061,h148,Survivor,0.24620755510289208,82.8917220170578,140.05533457929454,1953.0,0.0,21.0,1.4783191123847945,76.46203454105125,116.62666617405193,12.93347420794089,139.4568821859671,0.6027399081198802,106.4420134248206,,151.25195834129576,5926.355140654438,2.443454692782698e-07,3375.0,0.0,21.0,1.9705563425276884,-146.58400788802126,255.35674770798596,209.0937522535872,16.503180876468832,138.3455586824948,-58.866852437207854,139.32641022510077,,5940.4376277580695,12.837764987732953,-1,6.474,5.868,,4.97861155263762,
14812709,h148,Zombie,0.6658136424038833,80.61253443052412,80.61253443052412,1136818.0,546934.0,344146.0,0.7022272731619618,52.066601447118956,-0.5217963466857327,61.54004752705259,52.06921602713589,0.6658136424038833,80.61253443052412,,80.61253443052412,111012422.03843427,0.010499096281293663,1136818.0,546934.0,344146.0,0.7022272731619618,-182.76927844903983,260.59031313538884,185.7490300249704,52.066601447118956,-0.5217963466857327,61.54004752705259,52.06921602713589,,492906024.0668725,4.284958764506266,4.284958764506266,-4.285,4.285,,3.887623672269709,
329022513,h329,Zombie,2.2950942659067985,20.961002420455852,20.961002420455852,84006.0,21782.0,715.0,2.5995073212815303,10.7939923592794,0.6619941685962658,-17.95592145056662,10.81427331499614,2.2950942659067985,20.961002420455852,,20.961002420455852,1754875.7798416738,0.08058330376981533,84006.0,21782.0,715.0,2.5995073212815303,-68.10935261177914,69.7919945265931,15.232812832971295,10.7939923592794,0.6619941685962658,-17.95592145056662,10.81427331499614,,1754875.7798416738,0.7661861258882408,0.7661861258882408,-0.766,0.766,,0.7661861258882408,
1484096567,h148,Survivor,0.3910773963625361,117.89849334598586,286.37094474037605,3911.0,0.0,11.0,1.358792890348648,256.1192311093764,113.04975785799616,60.25786003241228,279.959476167194,0.3910773963625361,117.89849334598586,,117.89849334598586,3386.5331859979697,4.5612238378195825e-08,5093.0,0.0,12.0,1.7379085278937645,228.64329960591084,235.71872517897256,57.31979540544158,111.25737919944731,33.723443908646004,-19.61070212573395,116.2560755203323,,3386.5331859979697,11.322504042167086,-1,11.323,11.323,,11.322504042167086,
3294096956,h329,Survivor,0.15358308288026565,33.00636329552983,52.47496062746653,705.0,0.0,138.0,2.951456651255416,-8.065344706050382,5.771002316370868,-51.5292852647035,9.917371272820882,0.15358308288026565,33.00636329552983,,80.96552620837646,9637.422562657544,3.1176407398557025e-07,1651.0,0.0,265.0,0.6273646016117047,15.79933248203223,94.97047435913964,93.64706131599753,-19.732301651358284,-43.23807875826242,65.54785466385147,47.52783587715625,,67470.76796422107,11.645759710179304,-1,11.646,10.767,,11.645759710179304,
32940964414,h329,Survivor,0.12136479853834449,26.76614078660436,35.36273378817781,0.0,0.0,153.0,2.4435654978261954,8.108369298312027,-21.232323365034972,-27.091801948528882,22.727894934534064,0.18911364055224364,37.670970294724775,,79.40874200234916,81105.09584159439,2.8327159544125826e-06,0.0,0.0,192.0,2.997173458873956,-90.41455232922914,117.2654778696612,74.67530399740657,1.4274860488330887,-11.338820614751967,-78.58207007353849,11.42832312078803,,81105.09584159439,12.150846692035898,-1,10.353,10.029,,10.029481368519466,
329022530,h329,Zombie,1.2753099011327957,11.647353366513704,11.647353366513704,36055356.0,8655975.0,129857780.0,0.5335314675592842,1.6993017792797218,-5.67460555881371,10.028562492164838,5.923577870272551,1.2753099011327957,11.647353366513704,,11.647353366513704,169342.92396257832,0.007776169937325342,33352.0,14439.0,505.0,0.5335314675592842,-71.39178537338064,73.90532727753799,19.110478309062664,1.6993017792797218,-5.67460555881371,10.028562492164838,5.923577870272551,,186077.90647158024,0.7661861258882408,0.7661861258882408,-0.766,0.766,,0.4766029231022358,
329409616,h329,Survivor,0.32943961899485974,74.53619814570003,200.4255364805043,94738.0,258.0,399.0,1.5695296709540951,-141.04839171201456,-142.39270493575168,0.2538701085431967,200.42537569744908,0.32943961899485974,74.53619814570003,,187.79421071007062,103857.32584785995,3.1587658529848854e-06,210188.0,4103.0,349.0,2.1026600957856028,-117.7222884393548,152.8119828416607,97.43184748633966,122.01906113074074,106.33779611096179,-95.23805654912576,161.85295227756555,,117019.50412152299,12.61552671534395,-1,12.616,11.323,,12.29227104695574,
329038417,h329,Zombie,1.1728350366315463,22.616808934823005,22.616808934823005,92190.0,124901.0,5719.0,1.264404933942004,-16.95426409277752,-13.324324105902633,6.821683266431137,21.56350351419693,1.1728350366315463,22.616808934823005,,22.616808934823005,2274572.4141193614,0.011246016880719191,92190.0,124901.0,5719.0,1.264404933942004,-86.44060970578118,96.5569868005418,43.02641855526451,-16.95426409277752,-13.324324105902633,6.821683266431137,21.56350351419693,,2274572.4141193614,1.3015783263923848,1.3015783263923848,-1.302,1.302,,1.3015783263923848,
329409620,h329,Survivor,0.32886528199692755,75.64765147516351,157.52105394419416,61100.0,0.0,976.0,1.2255700500888718,80.75411810375954,-124.29825867551335,53.306638753620064,148.22713887976377,0.32886528199692755,75.64765147516351,,208.95367606125947,275589.7998358185,8.143861033397884e-06,109439.0,458.0,976.0,1.813842423511062,-116.32941732887394,142.08224871531277,81.57715405629618,-83.51305986666193,184.82001967008546,-50.286856139257,202.8124030702843,,296360.4517722565,12.938782383732175,-1,12.939,11.646,,2.9178566674887616,
329038430,h329,Zombie,1.3911438761389094,26.82665018078512,26.82665018078512,36055356.0,8655975.0,129857780.0,0.7936176146699903,-8.613221783538393,17.075186957764345,18.812749952816375,19.124581018548508,1.3911438761389094,26.82665018078512,,26.82665018078512,432499.0668739351,0.0021383763281252618,47188.0,37335.0,1259.0,0.7936176146699903,-90.53164373105506,101.33696956195206,45.53243770492984,-8.613221783538393,17.075186957764345,18.812749952816375,19.124581018548508,,432499.0668739351,1.3015783263923848,1.3015783263923848,-1.302,1.302,,1.3015783263923848,
329127010,h329,Zombie,0.2148945526584512,18.998035344145777,18.998035344145777,78436.0,41784.0,115604.0,1.720381814952798,9.291782495072766,-16.3270383508534,-2.8312441949492495,18.78588308400694,0.31750244169377007,23.016124049853406,,29.800192903924007,30445889.839826178,0.011936197799044587,422445.0,418810.0,95896.0,2.1123665426117846,-142.2931219181921,200.71507193033614,141.55990800637917,-25.33684058063227,-3.181403314543786,-15.36146736001865,25.535794831141715,,39632239.09082941,4.284958764351187,4.284958764351187,3.288,3.241,,3.5643680039367456,
329038438,h329,Zombie,0.47996981236719627,9.255679785939082,9.255679785939082,36055356.0,8655975.0,129857780.0,2.254415130096237,1.1758743084255912,-7.078857801040613,-5.845913114584619,7.17585591804691,0.47996981236719627,9.255679785939082,,9.255679785939082,479768.2427872292,0.002372086166052934,27156.0,37051.0,1439.0,2.254415130096237,-129.1112432045082,145.13872432951865,66.29883994600767,1.1758743084255912,-7.078857801040613,-5.845913114584619,7.17585591804691,,479768.2427872292,1.3015783263923848,1.3015783263923848,-1.302,1.302,,1.3015783263923848,
32904809,h329,Zombie,1.7352448776992546,46.371718710913974,46.371718710913974,302676.0,352513.0,77137.0,1.0914066972534902,15.454556576722098,38.13174505698771,21.388384607770604,41.14454155868323,1.7352448776992546,46.371718710913974,,46.371718710913974,26266345.917101324,0.0781216175631741,302676.0,352513.0,77137.0,1.0914066972534902,-65.44769361588529,75.00428921068449,36.63663194619847,15.454556576722098,38.13174505698771,21.388384607770604,41.14454155868323,,26266345.917101324,1.624833994610439,1.624833994610439,-1.625,1.625,,1.624833994610439,
329409643,h329,Survivor,0.12042681153702632,20.787330386711265,95.72831141748951,21612.0,0.0,6891.0,0.5992935392218391,53.97507963395401,-1.5186901865963591,79.04615085802288,53.99644100655654,0.24273199665866907,25.73242201420611,,46.588980812953714,2029796.0177305057,0.00025295165867171137,104641.0,5624.0,6922.0,2.412814979949798,-192.6041900680474,230.09065735053215,125.87826090406348,-30.998382078874783,-1.3163278283482214,-34.75486617338902,31.026318029369673,,2043709.0812645548,8.413203027704037,-1,4.979,4.857,,4.97861155241812,
148409620589,h148,Survivor,0.17010559478180998,59.34781820753117,82.1346983877049,0.0,0.0,68.0,2.7449816209233746,-31.718433306115912,-0.7870226103987079,-75.75902760236204,31.728195914419718,0.17010559478180998,59.34781820753117,,61.7592954653139,20892.70467596465,2.432391276904626e-07,0.0,0.0,74.0,0.21649817175367478,-108.32020466865458,288.72471335166307,267.6353738961664,-13.111841025940521,-2.020258849974198,60.31756589470024,13.266567789388343,,20892.70467596465,13.585293718849146,-1,13.585,13.262,,13.262038051297376,
329022579,h329,Zombie,1.6291273409004232,14.878753628166356,14.878753628166356,8092.0,4898.0,93.0,2.5505853526984215,8.289997653775117,-0.08248576119058271,-12.35501697802465,8.290408011696174,1.6291273409004232,14.878753628166356,,14.878753628166356,32483.78430418269,0.001491644416229438,8092.0,4898.0,93.0,2.5505853526984215,-46.672527794676554,46.830661964144824,3.8452632231285437,8.289997653775117,-0.08248576119058271,-12.35501697802465,8.290408011696174,,32483.78430418269,0.7661861258882408,0.7661861258882408,-0.766,0.766,,0.7661861258882408,
14840962,h148,Survivor,0.5655875660926991,194.44362832142582,203.93212927166337,4629597.0,2236269.0,3139646.0,2.1798066685986646,-14.619100819360028,166.62802791220383,-116.66059983815285,167.2681015456229,0.5655875660926991,194.44362832142582,,296.67216738960354,716661699.3305876,0.009075617270706566,6622658.0,2835154.0,2398032.0,2.170810921800713,-109.19936948060469,200.50578645016708,168.16083998671743,26.074791044928133,-243.45932118760174,-167.517280011587,244.85166080948784,,936160099.1378539,13.262038051297376,-1,13.262,11.969,,13.80079749720876,
14840963,h148,Survivor,0.6083796248798358,163.02908421879025,235.61863643351163,2288143.0,606810.0,2254986.0,1.6029143952693952,213.5007717208391,-99.37964175128218,-7.566314478019194,235.49711828386927,0.6083796248798358,163.02908421879025,,241.71434469236027,474882744.7347713,0.008477630972443854,3598296.0,1062569.0,1610120.0,0.8997084835774862,-124.84212599148894,235.77133222679976,200.00641159204167,-66.68421722736093,177.16312948835548,150.30723586282693,189.297541656868,,652634499.3028286,9.706225700434647,-1,9.706,8.736,,13.80079749720876,
14840961156,h148,Survivor,0.23135829951197665,81.49670880120874,81.49670880120874,1743.0,0.0,17.0,1.225932859560382,73.36005626391852,22.381545830328832,27.551444547039864,76.69831451081829,0.41293540094375086,113.0152404304777,,212.3900538080469,4795.696783636795,8.200262121375407e-08,1976.0,0.0,17.0,1.1366239274790533,-155.83464431768473,231.45773912314965,171.13809812657345,-92.26354913934483,169.15860110716676,89.34394287394753,192.68418416756955,,4903.741582430436,13.80079749720876,-1,10.029,9.06,,3.887623672269709,
14840964,h148,Survivor,0.5957979164792023,198.1014146178194,255.7740369528976,1680553.0,300169.0,511845.0,1.9370620893984274,168.75426827753836,168.97237858881272,-91.60071064862859,238.808851988046,0.5957979164792023,198.1014146178194,,281.2392714358831,133547789.87563524,0.0017987166497804795,2020825.0,351977.0,463661.0,1.0874561498453048,-98.54263303321095,194.38705589621958,167.55798093460638,-248.06848793013705,-21.778268464200664,130.7029460897611,249.02262483807243,,147197908.02969357,12.615526715716406,-1,12.616,11.323,,13.80079749720876,
14840965,h148,Survivor,0.49954232941235355,161.350572026188,337.68539619374167,1592759.0,297647.0,372137.0,1.2689334545258286,317.83385586819713,54.16808365122779,100.39365308639753,322.4167198246585,0.49954232941235355,161.350572026188,,292.6116407785376,94613575.89148243,0.0013149388262552626,2238807.0,349132.0,331237.0,1.7223377509303974,-151.94584261267477,213.827651392424,150.4484144573291,-287.7054469591021,-29.931109236909833,-44.173258981190884,289.2581814056234,,106880520.02347578,12.150846692409726,-1,12.151,10.999,,13.80079749720876,
14840966,h148,Survivor,0.45352519971532,126.79143670995965,347.6466322395715,908713.0,5017.0,313886.0,0.5089953567109313,-152.708992764281,73.34253250670008,303.5770369476886,169.40827472581603,0.45352519971532,126.79143670995965,,231.89385260685253,88102289.26531857,0.001448088344717273,1567225.0,24228.0,308431.0,2.4533352683567164,-145.7242560140424,203.58769584628635,142.1702891224247,84.29106360612423,120.79517371837574,-179.10416376886496,147.29717375939106,,88826744.44884992,10.352737037023163,-1,10.353,9.383,,13.80079749720876,
14840967,h148,Survivor,0.43340323675478426,152.66769099622266,152.66769099622266,611763.0,288191.0,150505.0,1.5407432054159007,-145.99699979743673,44.39882010358269,4.587450018811069,152.59875221129118,0.7078320530694521,164.94684992916706,,192.0772838143716,22895291.26842034,0.0004861105515490915,1172754.0,423080.0,77841.0,2.0221089061494273,-103.6055645993153,237.8175916537715,214.0632941072736,-9.054122190364069,172.6083199867844,-83.77394404114239,172.84562261537957,,43829674.14250209,13.80079749720876,-1,8.413,7.767,,13.80079749720876,
14812804,h148,Zombie,0.5961845387799606,72.95599817060852,72.95599817060852,1891246.0,1349954.0,1506878.0,0.8916619125585182,45.49590443657871,33.95232494349875,45.825102067519765,56.76828066421627,0.5961845387799606,72.95599817060852,,87.32613662921912,485911541.4202616,0.04595550627475612,3062097.0,1564006.0,1549031.0,1.085181569440986,-178.72208309628004,204.28414329066268,98.94659273429465,54.14022327033672,55.075770031191496,40.75966042908658,77.2302027725591,,492906024.0668725,4.318631229949769,4.318631229949769,-4.319,4.285,,3.887623672269709,
1484096138,h148,Survivor,0.1851504970288021,59.0445544744858,176.39327286683985,16998.0,0.0,521.0,0.47398686575279103,-65.33711427719027,-47.04590824833576,156.9469041672819,80.51245856997194,0.4641908003596115,81.97466724524378,,140.09121433240253,149101.55125751355,6.8509142316219504e-06,119629.0,3014.0,521.0,1.1323891052362822,-169.235428515898,199.88499743602569,106.36438283109798,-59.320468929146955,112.11662365255324,59.46842019008909,126.84264004356793,,155389.8764661079,11.969015378943489,-1,6.474,5.612,,3.456616114587799,
329409673,h329,Survivor,0.30154626625799147,70.46800409397399,140.37511906870066,17455.0,0.0,1.0,1.7184064877745513,86.11342193171367,-108.91928486186589,-20.64562912439942,138.84859398499384,0.30154626625799147,70.46800409397399,,196.6464081831214,282.0034984859034,8.122829585759544e-09,30163.0,0.0,1.0,1.4595961929474148,-127.61394627251,150.5654598505248,79.90393242361057,-83.4286301997272,176.7293717431894,21.822068590707204,195.4318479003495,,371.0735351806726,13.262038052120381,-1,13.262,11.969,,0.33181132170949884,
329409675,h329,Survivor,0.25011201265147154,48.98488340423112,80.0347793357256,14317.0,0.0,1739.0,2.6081450436743774,36.5460427248363,17.908674336187687,-68.91467222582651,40.69808171554511,0.4240612711767394,49.19308498468837,,90.21914696896695,511254.59665257053,6.371216471860009e-05,62599.0,4009.0,1741.0,0.364622179896981,-130.75690259334965,170.57459072206504,109.5368587471508,-12.005972872955681,29.84765407010491,84.288010070788,32.17181745122273,,567136.5891491199,10.029481368519466,-1,5.504,4.857,,2.9178566674887616,
32906374,h329,Zombie,0.5150210203331385,22.08150990299214,22.08150990299214,656435.0,651328.0,232095.0,2.213430426192842,6.264853278747978,-16.529274617366355,-13.233585062838756,17.67668820736936,0.5150210203331385,22.08150990299214,,22.08150990299214,77983635.99562117,0.10231805450584627,656435.0,651328.0,232095.0,2.213430426192842,-113.18763336138502,160.38014372109785,113.6237217928047,6.264853278747978,-16.529274617366355,-13.233585062838756,17.67668820736936,,77983635.99562117,2.1534917020077833,2.1534917020077833,-2.153,2.153,,2.1534917020077833,
32940965015,h329,Survivor,0.10997527806615345,13.816989912164885,90.72485798715755,131.0,0.0,1.0,1.3159061109273482,81.01820593174125,33.81968718503413,22.875290666968795,87.79362695373504,0.2822190321227169,22.562492202874356,,46.501485458919596,1436.2103762868476,4.240894901144641e-07,2195.0,0.0,5.0,1.720233666859956,-145.64873729069146,190.3282942707153,122.52063061226525,-43.30461753122836,15.465032466536286,-6.923223322204649,45.98322660184898,,1885.325151476799,6.1504133498344515,-1,3.733,3.564,,0.2476301581085945,
14840961179,h148,Survivor,0.1789769091275649,39.96157359513352,76.57530020635551,2.0,0.0,1731.0,2.5895675360095227,-39.895890172712825,-4.572407218063745,-65.20113220836356,40.15705368227314,0.1789769091275649,39.96157359513352,,126.4807961823735,553023.6058029643,1.3856100058240525e-05,18.0,0.0,1881.0,2.9028953353395104,-15.453602652698294,112.49931422013202,111.43285810322068,-12.155400599924178,-27.32289008698899,-122.8946610576586,29.904750232200843,,553023.6058029643,8.089947358984185,-1,8.09,7.039,,7.039366437428594,
14840961693,h148,Survivor,0.15266029600643377,53.26136101824767,105.3113577971103,1159.0,0.0,16.0,0.9776698252918681,69.3196025262223,-53.10604920151309,58.86444024098091,87.32387849945152,0.2556056813794853,62.031343923796996,,203.02444126929197,5078.09198941557,1.0199437296081081e-07,1706.0,0.0,18.0,2.6690438762084976,-160.1323268264932,192.40124583796225,106.65775782911035,14.03162435388549,-91.33651768523487,-180.77521347749644,92.40804047740528,,5360.317771624766,13.585293718849146,-1,8.736,8.09,,7.120180354472786,
329409696,h329,Survivor,0.3500004231519775,64.45673079909486,95.35727781484923,11161.0,0.0,177.0,1.0354114756420412,-72.23967739714135,38.82977165616103,48.648620483480045,82.01415827351191,0.8720506973129518,75.94543511492896,,80.05787647567023,51691.74100422692,1.1943620201273656e-05,41899.0,0.0,177.0,2.787443468848648,-58.80486952123255,188.18132027382526,178.75736801763114,27.004318820321714,6.448021833866733,-75.08963553829562,27.763469172990675,,66678.61112228487,9.059714364031828,-1,4.211,3.888,,1.3015783263923848,
3294096555,h329,Survivor,0.07017653263502832,16.646221073259674,44.85518032294138,0.0,0.0,1510.0,1.372439761923633,43.917809758728254,-2.254702775095211,8.839089500379487,43.975648927649345,0.21771505895640922,46.78889234451151,,46.78889234451151,491799.34931036487,1.453299635721338e-05,5.0,0.0,1735.0,1.872222863526615,107.8588342624678,149.3850926297534,103.35558897099617,-40.026861776295846,19.85185304888364,-13.890814003978448,44.67936585419679,,493678.59554416506,13.585293720508625,-1,11.646,11.646,,11.969015378567528,
1484096179,h148,Survivor,0.13934575987272835,40.842501084796446,264.7115518164274,9394.0,0.0,3544.0,0.6367110501659158,154.3057372470903,30.982083471182705,212.8427955592524,157.38535523860983,0.2311784780552173,45.76969782262069,,134.47238513719475,1339022.2398320015,3.6505851356694415e-05,177258.0,24396.0,4602.0,2.3806011221150043,-210.6320977547156,249.15694672234207,133.09133516291712,16.498462614308664,-91.25813042952723,-97.37852292142088,92.73750933752933,,1457049.4753453964,10.999248373778887,-1,7.443,6.905,,7.039366437428594,
1484096194,h148,Survivor,0.15069351288422614,44.168548573470744,191.9266544718951,10442.0,0.0,1341.0,0.6926521626264538,115.47738962727817,41.061826812921936,147.69813661800072,122.5606018928783,0.26411096956626956,52.28981248764959,,134.7083222189074,380952.96237012063,1.0385945658319199e-05,30154.0,273.0,1343.0,2.330366899803164,-244.76612956789967,267.25350156733214,107.30319620752287,8.931220635124191,-97.27212843589587,-92.76151358483912,97.68128619383906,,403033.59734656435,10.999248373778887,-1,7.443,6.905,,3.456616114587799,
14829762,h148,Zombie,0.13033188700578835,30.371377099561176,78.03468458319094,2311882.0,2136190.0,13909277.0,1.494627811312844,-54.27147353015607,55.75624480139231,5.93804046052901,77.80842932155359,0.13033188700578835,30.371377099561176,,189.3281256983647,2887906066.833462,0.06131573494794154,8160068.0,4218920.0,9322271.0,2.40568918611374,-198.5196347171455,211.20867737855846,72.10450770770933,-51.581485185386555,-116.1493509954289,-140.3346636788865,127.08784894941611,,4209477678.998549,8.413203027232914,10.029481368726781,8.413,7.767,,10.029481368726781,
3294096585,h329,Survivor,0.14343581854468584,32.99400515748136,134.7622486269895,1219.0,0.0,207.0,1.0204971408648853,-59.10692915848995,-98.49268156003745,70.4728760557482,114.86704225074173,0.14343581854468584,32.99400515748136,,148.09384000186787,3126.027505409149,9.847780975397308e-08,2114.0,0.0,279.0,1.931843596015687,21.46352711624444,66.04074499882628,62.455560230697145,94.8147986126678,-101.02031737519428,-52.3147673984422,138.54584280499265,,61263.96937730943,12.938782383732175,-1,12.939,10.999,,13.262038052120381,
329067210,h329,Zombie,0.5819711503106325,27.03656413143319,27.03656413143319,196466.0,182418.0,22862.0,1.3381086152561565,-9.589274057628245,24.498023140494297,6.23445950252335,26.307932544092022,0.5819711503106325,27.03656413143319,,38.647676017789244,7020167.259759456,0.009210776686080113,227337.0,257413.0,21832.0,1.4280897865353457,-115.04350888553392,128.4856291575054,57.214927801265986,-1.9106249023134296,38.20706785789662,5.496575275637042,38.25481044019507,,7323096.602171534,2.2713453310455365,2.2713453310455365,-2.271,2.153,,2.2713453310455365,
1484096204,h148,Survivor,0.32108895798757575,48.020719101702575,196.55595365039574,9978.0,0.0,962.0,0.608229789098534,-79.63521629672323,-79.20178775913519,161.3057719257049,112.31514082646643,0.32108895798757575,48.020719101702575,,116.18320924313866,279225.62963904184,2.001491319258907e-05,42910.0,0.0,963.0,1.4848971210505642,-166.52222627766358,225.29214411514664,151.7461642201562,-111.5076112395418,-31.068218067544876,9.967776672539912,115.7548337575641,,287146.52036412543,5.180646345294405,-1,5.181,4.75,,3.456616114587799,
1484096210,h148,Survivor,0.17825564630904062,28.853549806969998,325.81052404937225,10447.0,0.0,16.0,0.9334490802642114,212.23130277669043,-153.3670404330369,193.87862855881394,261.84647213487534,0.17825564630904062,28.853549806969998,,75.37221965534603,4589.433753085251,2.108751837182074e-07,57131.0,0.0,16.0,1.349402773084384,-278.7610575984228,302.10452313727444,116.44490399587613,7.712719944016499,73.12695723848447,16.550938700864208,73.53256369727606,,4842.7490973810245,5.8675646402035175,-1,5.868,5.612,,3.456616114587799,
32933603,h329,Zombie,0.1420293208427495,27.81669559854019,28.06917813554363,106857.0,154944.0,362954.0,1.33405103505395,23.37885175311021,-14.070097299045301,6.583343672205956,27.286229994238983,0.2430401197487949,40.41777300589202,,112.23993419321012,109112844.97628425,0.005952888892175386,1657436.0,566009.0,367803.0,1.5918995056243077,-151.82107402298007,170.65323055834602,77.9287275817385,-34.54302705831469,106.76597109690556,-2.3684435985269374,112.21494242130504,,129979729.50024466,10.029481368519466,11.322504041791113,8.09,7.443,,10.029481368519466,
3290192110,h329,Zombie,1.9637854749107604,11.73091878697051,11.73091878697051,36055356.0,8655975.0,129857780.0,1.5231600670164198,-11.225141628797246,-3.3613405942314785,0.5586057728955893,11.71761132556397,1.9637854749107604,11.73091878697051,,11.73091878697051,87917.95642161368,0.01816144282472446,5433.0,1685.0,13.0,1.5231600670164198,-48.703843910979124,51.319125089970115,16.173688147574182,-11.225141628797246,-3.3613405942314785,0.5586057728955893,11.71761132556397,,88183.61257871779,0.6550669899346275,0.6550669899346275,-0.655,0.655,,0.2476301581085945,
3290192111,h329,Zombie,1.9073107963608331,11.393560212903468,11.393560212903468,5260.0,1651.0,193.0,2.7595987002947875,1.292141292197357,-4.045865409977068,-10.572348759400938,4.247193901230594,1.9073107963608331,11.393560212903468,,11.393560212903468,66027.82130680766,0.013639540206713789,5260.0,1651.0,193.0,2.7595987002947875,-57.64938693155562,58.50621419986085,9.97623608460542,1.292141292197357,-4.045865409977068,-10.572348759400938,4.247193901230594,,66300.52548440635,0.6550669899346275,0.6550669899346275,-0.655,0.655,,0.6415980037585494,
148409613555,h148,Survivor,0.0748305504800334,20.48018318293317,55.87099488189252,114.0,0.0,2.0,2.1400899945274197,-21.464474873933796,41.87884848136309,-30.116547566973168,47.059129100937504,0.12624583123859015,33.01697893487351,,44.67355178624254,2256.125575863306,3.857796256832596e-08,140.0,0.0,8.0,1.5475898539788056,-108.94159347080725,210.18137786207416,179.74409812853762,28.715011324085935,-34.206721088350605,1.0366225154321,44.66152307029626,,2256.125575863306,10.029481368726781,-1,9.383,9.06,,9.059714363812617,
148409619718,h148,Survivor,0.10670239614862173,36.105969244775686,153.76083961419565,0.0,0.0,72.0,1.8231648577956912,23.865192693097924,-146.96518148490213,-38.3937990786726,148.89026828899506,0.15423408738336553,43.11901861519823,,157.25745126810781,31367.68959720629,5.155732738071369e-07,0.0,0.0,97.0,1.3470121916933173,46.813171217353506,78.05286990239371,62.45620466034374,-41.126984851995076,147.71782528213953,34.89872763067979,153.33618225683367,,31367.68959720629,12.938782383819834,-1,10.353,9.383,,9.38297003212182,
148153610,h148,Zombie,0.6465861640594832,96.70071731507272,96.70071731507272,683615.0,341625.0,92683.0,2.3184997371991733,-17.88868001220726,-68.61239253510394,-65.75228853263798,70.90603135115047,0.6465861640594832,96.70071731507272,,96.70071731507272,27703328.864865463,0.0015933426878702837,683615.0,341625.0,92683.0,2.3184997371991733,-259.5646845842132,275.6031438499931,92.64592498700584,-17.88868001220726,-68.61239253510394,-65.75228853263798,70.90603135115047,,27703328.864865463,5.180646345294405,5.180646345294405,-5.181,5.181,,5.180646345294405,
148409610,h148,Survivor,1.0661693823393419,375.56161101009457,375.56161101009457,704971.0,27050.0,37632.0,1.8150756051833583,309.078488146366,193.04537848125983,-90.83222818296053,364.41189605694296,1.0661693823393419,375.56161101009457,,375.56161101009457,10760904.137267709,0.0001217047727812737,704971.0,27050.0,37632.0,1.8150756051833583,-97.42137509789931,213.94234176525222,190.4741485714909,309.078488146366,193.04537848125983,-90.83222818296053,364.41189605694296,,10760904.137267709,13.80079749720876,-1,-13.801,13.801,,13.80079749720876,
148409611,h148,Survivor,0.410017172421805,95.54673416464367,215.07136457836253,489180.0,3026.0,167508.0,1.1575429179677112,-71.90645752263663,-183.37189496611245,86.37072052889926,196.96647048905993,0.410017172421805,95.54673416464367,,204.7305611348838,46510836.015846394,0.0009875134534697001,921833.0,25243.0,163117.0,1.97287108519795,-201.14595769322736,254.16892689705406,155.37743434512748,-165.61091925188157,89.82710322650928,-80.116899672199,188.40351655295393,,47947818.96361054,8.413203027232914,-1,8.413,7.767,,3.7327303312245985,
148409612,h148,Survivor,0.8410588587362534,296.26570146690216,296.26570146690216,520346.0,56884.0,15144.0,2.294868528770274,-205.87736199908977,-82.88844889792017,-196.2584589801627,221.93689000345876,0.8410588587362534,296.26570146690216,,329.0794617033887,4268660.720324828,4.969702707820489e-05,531052.0,60994.0,14568.0,2.029988800275855,-76.8676780497338,201.58946723477396,186.35899058334286,-234.2582716248944,-179.2829332206711,-145.8560391142637,294.9903523318864,,4425574.053528614,13.80079749720876,-1,-13.801,13.262,,13.80079749720876,
148128013,h148,Zombie,1.1537532311336591,141.18651716828154,141.18651716828154,417901.0,303135.0,116077.0,1.109262084066173,121.6801941307931,34.27075423247334,62.873511041927486,126.41421691949871,1.1537532311336591,141.18651716828154,,149.68662695555085,35828205.56772543,0.0033884836753791127,422227.0,307540.0,115451.0,1.1302160208876149,-220.66103648784906,238.6168430769295,90.81136920071269,130.37946884539087,36.49990079516829,63.83602145236546,135.39220307855015,,36012131.79486332,4.318631229949769,4.318631229949769,-4.319,4.285,,4.318631229949769,
1484096271,h148,Survivor,0.7295598226023674,254.5347422514876,257.88076702748265,8212.0,0.0,74.0,2.6767383813090007,-12.201026471771911,114.96037525783322,-230.516240374287,115.60602461111927,0.7295598226023674,254.5347422514876,,300.5880149883253,20887.147582882375,2.7346281475697837e-07,13160.0,0.0,74.0,2.0148219476821456,-91.35408885437526,148.99359549994085,117.70098533821586,12.631484678800916,-271.14583175049484,-129.1260557508176,271.43989478493836,,21638.981615258122,13.585293718849146,-1,13.585,11.646,,4.749638787623793,
14840965903,h148,Survivor,0.15581222690682045,52.72375950041247,159.7079017364234,295.0,0.0,7.0,1.6164553559615018,-89.0776178697597,132.35805218464156,-7.289574307724251,159.5414553759093,0.39739814486088215,54.72753954792474,,54.72753954792474,6501.270304730194,4.66011522505805e-07,5466.0,0.0,23.0,1.5814337244180332,-204.1008881521368,328.96874638785977,257.9985727780465,-27.802060135027205,-47.13608109894449,-0.5821476202181657,54.72444325087259,,6616.600317015848,12.938782383819834,-1,4.75,4.75,,3.456616114587799,
148409617,h148,Survivor,0.25475634057380336,81.24188090292111,278.73523825166797,193368.0,18682.0,119487.0,0.9771841773081558,170.94509667526654,-155.44206254095116,155.91302754713251,231.05077555442483,0.552375761780493,102.75443119373806,,120.1855421620902,25737473.302295092,0.000822463666111543,601304.0,246748.0,84875.0,1.624051714040126,-97.00216554717487,236.26345337355923,215.43212220826885,80.88234318423201,88.66613258093821,-6.397502556714244,120.01515115114587,,34026961.94536064,11.969015378943489,-1,6.905,6.474,,12.150846692409726,
148110610,h148,Zombie,0.9217423766176429,89.37613903153797,89.37613903153797,878459.0,408695.0,260892.0,0.9033170838167522,4.732273444718885,70.03493862426876,55.32456224972884,70.19463683260055,0.9217423766176429,89.37613903153797,,89.37613903153797,81971189.12929603,0.012449655760163283,878459.0,408695.0,260892.0,0.9033170838167522,-206.47292665155007,211.86885566312006,47.51149923906454,4.732273444718885,70.03493862426876,55.32456224972884,70.19463683260055,,81971189.12929603,3.7327303312245985,3.7327303312245985,-3.733,3.733,,3.7327303312245985,
148115218,h148,Zombie,1.4164683310478166,144.98729984561922,144.98729984561922,349131.0,261492.0,27665.0,0.9708687304324645,109.41906108348849,-48.45786628755741,81.8573233314437,119.66910935381352,1.4164683310478166,144.98729984561922,,144.98729984561922,8740561.954719862,0.0011589508114228206,349131.0,261492.0,27665.0,0.9708687304324645,-163.6741223267552,208.99144001609253,129.95462162065024,109.41906108348849,-48.45786628755741,81.8573233314437,119.66910935381352,,8814295.092201818,3.887623672269709,3.887623672269709,-3.888,3.888,,3.7327303312245985,
148409621,h148,Survivor,0.5011247654813922,93.22058243134573,248.86068620254693,159101.0,45494.0,71117.0,0.6103670540597006,125.26206775098763,-68.22985525583863,203.9258256614812,142.6390506330076,0.5011247654813922,93.22058243134573,,101.52328562907893,13682918.557129359,0.0004372497341686897,393075.0,232280.0,45654.0,2.120734938698006,-139.45977057420458,280.98434280222807,243.93272287946576,54.78864138923018,67.00641703493056,-53.05961153068165,86.5543479505027,,20284202.98345502,6.904676575652035,-1,6.905,6.474,,13.80079749720876,
1484096278,h148,Survivor,0.164209336680441,53.79688001809201,307.000757652072,7790.0,0.0,228.0,1.249986594042535,160.6758154045565,243.02456133952364,96.80810982949333,291.337699363105,0.164209336680441,53.79688001809201,,253.63107489742268,65216.214639083475,8.538365304420351e-07,96634.0,0.0,231.0,1.7132002036982603,-213.3952542017514,218.5328741860135,47.1071394182442,80.77531937719323,-237.71485171082895,-35.99609991697798,251.06374279132578,,67751.1978565927,12.369717717880137,-1,12.37,11.646,,5.180646345294405,
148409622,h148,Survivor,0.7281349983767312,256.487906661871,256.487906661871,228854.0,9378.0,7767.0,2.60194448412462,-102.11388332476417,-83.31838710059674,-220.03828636644175,131.79225620918868,0.7281349983767312,256.487906661871,,324.03136479725674,2088247.1492361918,2.569953545007965e-05,252586.0,16519.0,7115.0,2.042973891526781,-69.90492101581076,195.5683752553055,182.64799866895135,-259.02036265913557,127.21820607357586,-147.37810266021188,288.5758483114083,,2256112.0219777394,13.80079749720876,-1,-13.801,12.37,,13.80079749720876,
148409632,h148,Survivor,0.15271854153383155,53.28168218978726,66.99517016138654,29745.0,0.0,118608.0,1.115546043102071,9.868385677109472,-59.35703867462507,29.456913430636632,60.17177973180714,0.827279517621808,123.72445811682516,,123.72445811682516,41962626.40571176,0.002413458840037418,177820.0,71872.0,137866.0,2.529813804844292,178.12898248089158,198.34986690189635,87.25099025410668,-69.09054034256042,-16.605308952564883,-101.28426573789693,71.05799779220563,,41962626.40571176,13.585293718849146,-1,5.181,5.181,,5.180646345294405,
148409633,h148,Survivor,0.2435831409221506,66.66565078511559,125.22370926964072,70639.0,1163.0,61325.0,2.93614752745771,8.46611218839098,24.102351387118688,-122.59028903332,25.546005518956648,0.5222206754092256,97.14490057695305,,113.67204408989902,16939171.795061786,0.0005413061791973735,366172.0,46914.0,57955.0,2.808513262779081,-87.8471255865443,218.15855266296577,199.68985108458048,15.898588824931721,33.593415319795895,-107.42462905732282,37.16561151753785,,17930977.37139305,10.029481368726781,-1,6.905,6.474,,10.029481368726781,
148409634,h148,Survivor,1.044124513386464,367.7962346678446,367.7962346678446,126946.0,0.0,119.0,0.7080664429165973,-235.9837290905598,-39.10746818500775,279.38567567525024,239.20224594122882,1.044124513386464,367.7962346678446,,367.7962346678446,33586.32512559255,3.7985805057140004e-07,126946.0,0.0,119.0,0.7080664429165973,-128.84990358567597,190.56942409526246,140.40800456513156,-235.9837290905598,-39.10746818500775,279.38567567525024,239.20224594122882,,35545.20043709616,13.80079749720876,-1,-13.801,13.801,,3.887623672269709,
148409635,h148,Survivor,0.47940295164829394,107.04004459236127,161.5964026146123,102212.0,2606.0,21631.0,0.4670731768640817,-42.79076351406184,58.8504536392029,144.28780961095617,72.76280186782483,0.47940295164829394,107.04004459236127,,172.99564311223455,5823467.595318865,0.00013687379441836608,335334.0,38051.0,19791.0,2.6679934855759218,-143.2713257147438,232.15904634538796,182.67772176141182,29.689979155658875,-73.10284753386077,-153.95444571688495,78.90197196409198,,6182571.016461452,8.089947358984185,-1,8.09,7.443,,9.059714363812617,
1484096803,h148,Survivor,0.20715950772235783,66.06323523245881,207.71393260454934,2705.0,0.0,11.0,0.44753795902091076,68.17290107866211,58.58535039761773,187.2572831036341,89.88763943219722,0.3278409457269358,76.39712138064358,,163.25059741137446,3105.405268519665,6.593365640845597e-08,7828.0,0.0,11.0,2.297825189943095,-255.38914364795346,302.9174232361024,162.89674830015792,-80.90691200040419,-91.2770815468466,-108.5049470301692,121.97308729859564,,3206.6866784156045,11.969015378943489,-1,8.413,7.767,,3.7327303312245985,
32924962,h329,Zombie,0.2691546209450263,46.45980375370199,46.45980375370199,1657912.0,1153538.0,1483183.0,0.7465066804228978,31.397583614983887,-3.096007780994114,34.10454286151071,31.549857702371348,0.2691546209450263,46.45980375370199,,155.81156902299952,411639636.98703635,0.02073588048940354,4007372.0,1526246.0,1389842.0,0.10886767231015954,-137.0856579592573,145.7682194444317,49.556999322774914,-7.802337882929351,15.024199887235227,154.88912803266066,16.929354940191743,,438587472.27042305,8.413203027704037,8.413203027704037,-8.413,7.767,,8.413203027704037,
148409639,h148,Survivor,0.15794312613820763,53.17536945964992,280.9732111515559,111575.0,0.0,648.0,1.2279675066508082,-48.89943735447741,260.0653945423692,94.44988603886304,264.62268310192655,0.15794312613820763,53.17536945964992,,268.6552650424555,168240.99306601894,2.1305601565383062e-06,186210.0,6599.0,540.0,1.4813863983627658,-229.87929516016644,244.93415727497057,84.547330275208,25.40881226417332,-266.37304222448074,23.98845702480685,267.58214694669203,,198306.22202970897,12.837764987732953,-1,12.838,11.969,,12.837764987732953,
148409641,h148,Survivor,0.7487167605258923,263.7378989034465,263.7378989034465,106901.0,0.0,40.0,2.21802851975393,-139.86258234289562,157.18129493177548,-159.0288587079449,210.39843491825937,0.7487167605258923,263.7378989034465,,286.51808389337265,11308.684422439259,1.3406874166439027e-07,116080.0,0.0,40.0,2.6727501271340968,-23.650704601369256,147.18668010387353,145.27409601115667,-113.89540714835675,61.55366198932825,-255.60046033632898,129.46434672830375,,11308.684422439259,13.80079749720876,-1,-13.801,12.939,,12.938782383819834,
148409651,h148,Survivor,0.27155766382960805,68.54999646790476,74.71603814392367,68841.0,3123.0,6044.0,1.798771640892629,-69.74091238396795,20.82176907883695,-16.88624967846772,72.78283401819901,0.27155766382960805,68.54999646790476,,176.71673151628625,906226.3428641593,1.72127855668086e-05,283302.0,56521.0,2834.0,1.7591470041753374,-164.62017784974597,194.80328667658563,104.15621702384361,-173.5711345849195,2.651650555550077,-33.08826356934151,173.59138806912335,,1742128.3504663468,9.059714363812617,-1,9.06,8.413,,13.80079749720876,
148409653,h148,Survivor,0.7969783693948502,280.7382066190886,280.7382066190886,75305.0,0.0,29.0,0.8278989098750066,201.75695324077606,45.2407032922456,189.898265501095,206.76699305106152,0.7969783693948502,280.7382066190886,,332.4858662538296,8184.920415919722,9.756917235529346e-08,84968.0,0.0,29.0,1.4179754078036202,-103.5559959742136,211.74963282140538,184.6999260903714,262.1403475328261,198.1605111623976,50.61325191870128,328.6109401538139,,8409.847146896385,13.80079749720876,-1,-13.801,12.838,,3.887623672269709,
148409655,h148,Survivor,0.38050305374696125,122.90126735006831,305.11574849497197,71308.0,0.0,129.0,1.2991130708510787,252.06373693187925,-151.17986014048074,81.87882749214259,293.9242718595368,0.38050305374696125,122.90126735006831,,282.6468591977478,36418.68059243157,5.177376777525146e-07,125534.0,0.0,129.0,1.7656300608342541,-141.0511992374137,198.67074369418359,139.90934062344593,-139.40492834437828,239.7104119192809,-54.721397872668604,277.29914466008114,,37949.11758117697,12.150846692409726,-1,12.151,10.767,,3.887623672269709,
14840964409,h148,Survivor,0.11762836996484359,25.06199303023506,56.34429345535358,412.0,0.0,9.0,0.9568403011655857,14.230567850416264,43.800707439888356,32.460258338513086,46.05443554729546,0.41191808558721804,56.727147851612855,,74.10741230837691,3717.5732870750435,3.515927241030111e-07,2865.0,0.0,13.0,0.9889385705429748,-152.00618861385547,268.5786326199462,221.42402878434177,59.98360933253025,15.3338720679767,40.72772443789472,61.91252717467351,,3742.051604408207,7.766691690801139,-1,4.75,4.285,,3.887623672269709,
148409663,h148,Survivor,0.551360543456464,157.70848336485253,321.1227266723987,49933.0,0.0,5232.0,1.5393957219438106,302.50053809961173,-107.29206647028332,10.081790887423267,320.96442649929025,0.984231677605987,229.35654597387634,,229.35654597387634,1477841.1358044627,2.8069988003233465e-05,72480.0,0.0,5232.0,0.8311449669279458,-68.88011175340448,247.65316553599715,237.88152640513832,-39.36086979758329,164.79096683097123,154.5932869200933,169.4265056604443,,1584808.4006955642,10.675992705390708,-1,8.413,8.413,,3.456616114587799,
148409668,h148,Survivor,0.10675462829195043,29.21740290589546,127.93899609897092,17934.0,0.0,29738.0,1.7679269032737357,13.841139212119742,-124.6953222991433,-25.057657209643367,125.46115150904883,0.2573133673965135,45.44074904918696,,45.44074904918696,9189602.183539199,0.0002936618452482789,202695.0,37330.0,30865.0,1.7198634211959882,-232.68833720120546,352.9265069387676,265.3549642093362,15.360620745086635,-42.22994871179981,-6.748661813689978,44.936813837605676,,9711155.7001395,10.029481368726781,-1,6.474,6.474,,7.039366437428594,
1484096266,h148,Survivor,0.20382839560541144,54.620429932871176,113.50175898654588,8044.0,0.0,460.0,1.4523925272304516,-97.22866108558082,-57.00413498202033,13.40766017979331,112.70707139103176,0.6319958039426692,94.51864419379983,,94.51864419379983,130885.12905608925,7.527790770190208e-06,13890.0,0.0,460.0,1.6292249523519386,248.91421115916825,253.425962955653,47.60708122757593,-89.77002683159117,29.062897728259486,-5.519452737931715,94.35735128599063,,130885.12905608925,9.706225700434647,-1,5.181,5.181,,5.180646345294405,
1484096331,h148,Survivor,0.06743200535378863,20.328794014830276,338.40883893828754,6629.0,0.0,154.0,2.658902778225093,145.59210439140952,58.95865540855448,-299.74548931194295,157.07699993539399,0.5588027711269631,98.6828502059184,,149.64998606492665,45296.8822550796,2.0812999775801508e-06,55416.0,0.0,157.0,0.959331877057213,-195.4325639793535,240.90496258898446,140.85919897704906,54.92815880612943,109.53371377932126,85.90914529379916,122.53463626306501,,46059.22054876942,11.322504042167086,-1,6.474,5.612,,4.318631229949769,
148409676,h148,Survivor,0.6230088336485239,118.48766393110269,315.66261459546956,40261.0,0.0,510.0,2.0368966919605875,-281.2559879686851,-20.33468919556981,-141.86069187878093,281.99012456630754,0.6230088336485239,118.48766393110269,,162.88064310866528,144336.68278659784,4.612406038647866e-06,51609.0,0.0,510.0,1.6858359393503124,-115.63062802997025,213.86153885165982,179.90640806095445,97.02746250325981,129.48443595093886,-18.696423886351113,161.80404084371403,,150521.3207706082,7.120180354472786,-1,7.12,6.474,,3.456616114587799,
148409677,h148,Survivor,0.3187951306128523,80.47427117066536,143.5853584768368,37111.0,0.0,3538.0,1.1114469064577528,29.16571266902247,-125.35321176971775,63.660731007788854,128.70146268195896,0.3187951306128523,80.47427117066536,,197.1059655156038,815449.1942822848,1.6378440844627565e-05,175764.0,32752.0,2666.0,2.00802571060949,-122.76981019784239,200.20807800885558,158.14818432086332,130.92292621862362,121.42587920955339,-83.46079852468574,178.5638730299614,,1058422.9238907914,9.059714363812617,-1,9.06,8.09,,9.38297003212182,
329096015,h329,Zombie,0.2245055860342262,16.057794799361496,16.057794799361496,92150.0,29328.0,34748.0,1.5101631685585957,15.997039202642554,1.0003534085462888,0.973038347408874,16.028286564473202,0.2245055860342262,16.057794799361496,,16.057794799361496,10765647.997215997,0.004220632230021627,92150.0,29328.0,34748.0,1.5101631685585957,-54.8678744921558,275.8299050139415,270.31768874550744,15.997039202642554,1.0003534085462888,0.973038347408874,16.028286564473202,,10854222.63939331,3.2411123357141696,3.2411123357141696,-3.241,3.241,,2.9178566674887616,
14840964944,h148,Survivor,0.07260417973394007,19.455932527028015,115.67177795501235,369.0,0.0,1.0,2.6063427515947324,7.863048708215501,-58.47276724259427,-99.49406098496183,58.99908511150298,0.576675975204737,93.34430250924953,,93.34430250924953,2820.8685488213755,1.1630528933471179e-07,2690.0,0.0,10.0,2.206326193961266,160.2235262370352,190.16360140678867,102.42371278258804,-68.38590619421484,-31.085497246678642,-55.40955247844067,75.11950682131253,,5716.378345457665,9.706225700434647,-1,5.868,5.868,,7.443436022636605,
32914768,h329,Zombie,0.19516728551202045,20.690008005926405,20.690008005926405,69394.0,33407.0,66718.0,2.625160075076614,3.5844766431091557,9.56687141689872,-17.991746156858426,10.216335033291964,0.28631205208066096,22.10668971114995,,52.57634456713343,18525450.792341318,0.00726283403563401,275327.0,202492.0,56401.0,0.8624870007188425,-154.72031643745407,182.97024266257066,97.67155871334333,-9.340781615866945,38.821863486185975,34.20357762437379,39.92977943509552,,20942989.5914165,4.97861155241812,4.97861155241812,3.564,3.241,,3.732730331136949,
1484096857,h148,Survivor,0.12854336981354111,45.27981749571057,45.27981749571057,2486.0,0.0,12.0,1.68113162999511,-24.476334816070448,-37.76655116825714,-4.985831853551645,45.0044814787702,0.30307139507955116,76.50508834566368,,217.25190583729474,3387.3125344180453,6.803476949420621e-08,3976.0,0.0,12.0,2.2803064568300604,-106.59355769476387,163.7127563753051,124.25650911712049,-86.26326629788491,-140.44892797975626,-141.53140325346249,164.8249146307759,,3387.54972741546,13.80079749720876,-1,9.06,8.09,,5.8675646402035175,
329019225,h329,Zombie,2.2627393873682586,13.516757470926235,13.516757470926235,36055356.0,8655975.0,129857780.0,1.629264589286784,13.458744014781132,-0.970091376131677,-0.7898511216603765,13.49366027931089,2.2627393873682586,13.516757470926235,,13.516757470926235,130088.16058477694,0.026872652490966945,25806.0,15709.0,351.0,1.629264589286784,-52.85116317175841,53.99253837337155,11.043040858032139,13.458744014781132,-0.970091376131677,-0.7898511216603765,13.49366027931089,,132025.68852651326,0.6550669899346275,0.6550669899346275,-0.655,0.655,,0.6415980037585494,
14840961883,h148,Survivor,0.10419664731027943,36.70360580026872,36.70360580026872,0.0,0.0,1058.0,2.8738104844633754,3.793198824449064,8.940101980337204,-35.39549262266155,9.711528239192402,0.10419664731027943,36.70360580026872,,36.70360580026872,298756.10104614176,3.378902267971702e-06,0.0,0.0,1058.0,2.8738104844633754,32.39137595966666,124.43044683677705,120.14047970371821,3.793198824449064,8.940101980337204,-35.39549262266155,9.711528239192402,,298756.10104614176,13.80079749720876,-1,-13.801,13.801,,13.80079749720876,
32940961630,h329,Survivor,0.19013662811205642,45.10134979364351,48.836960380912416,0.0,0.0,479.0,1.7603618606779123,-36.13923225170947,-31.5328300437468,-9.20245733138654,47.962104606770716,0.19013662811205642,45.10134979364351,,45.10134979364351,256439.51491885993,6.798626619929103e-06,0.0,0.0,542.0,1.9540759473141567,73.47246346876906,92.08793514896509,55.51562763610257,-27.001329629358224,-31.946647754488367,-16.8662873420908,41.82893860119588,,256439.51491885993,13.585293720508625,-1,13.585,13.585,,13.585293720508625,
14840967007,h148,Survivor,0.07247256383798886,24.179058976567973,128.53439242936406,0.0,0.0,249.0,2.120894226137354,53.164614385346795,-95.81011670546286,-67.19401276400095,109.57214374948153,0.5171913483988428,102.39574173091822,,102.39574173091822,239976.28781546705,5.640361957219472e-06,1.0,0.0,807.0,2.329894196085929,193.5229513251322,202.00419871873953,57.91859468608092,63.7932739216576,-38.059041727668955,-70.47563741998238,74.28372940874794,,239976.28781546705,12.669402660447725,-1,7.443,7.443,,7.443436022636605,
329019230,h329,Zombie,2.6570694622071835,15.87233762074155,15.87233762074155,19765.0,16616.0,94.0,2.2069499776341392,12.69305555076835,-1.3767297441686424,-9.429849285298133,12.76749952039826,2.6570694622071835,15.87233762074155,,15.87233762074155,58833.82546465737,0.01215345761919361,19765.0,16616.0,94.0,2.2069499776341392,-58.85988446072849,59.83394103683961,10.752418391677848,12.69305555076835,-1.3767297441686424,-9.429849285298133,12.76749952039826,,58833.82546465737,0.6550669899346275,0.6550669899346275,-0.655,0.655,,0.6550669899346275,
14840961379,h148,Survivor,0.2531998987395484,61.44749958380259,187.37344808787705,1469.0,0.0,3.0,1.7773310249662473,183.35631810448103,-3.580728062053822,-38.42457606863536,183.39127842480957,0.2531998987395484,61.44749958380259,,195.66910947940502,1128.1102265311358,2.265829280476733e-08,9816.0,0.0,4.0,2.3099308137022536,-123.46818088982074,159.29228826280323,100.64611968555222,-24.075871455739616,-142.5913599817286,-131.81220306432624,144.60962460290193,,1158.742007911507,8.736458695506487,-1,8.736,8.09,,3.456616114587799,
32908648,h329,Zombie,1.0691667811044197,67.3574220289664,67.3574220289664,219319.0,93312.0,34309.0,2.189546717249696,6.687829820378283,-54.46051687565523,-39.06849544477518,54.869617877928306,1.0691667811044197,67.3574220289664,,67.3574220289664,10854222.63939331,0.005680299612716517,219319.0,93312.0,34309.0,2.189546717249696,-151.45950242459833,166.76077056670132,69.7794649255287,6.687829820378283,-54.46051687565523,-39.06849544477518,54.869617877928306,,10854222.63939331,2.9178566674887616,2.9178566674887616,-2.918,2.918,,2.9178566674887616,
14840961900,h148,Survivor,0.06877870115636085,19.673124556890944,187.03688529012933,1037.0,0.0,10.0,0.7009520778374025,-120.45877423950878,6.398910420957691,142.93891741989864,120.62861329659887,0.5964365796646668,89.20055561414064,,89.20055561414064,3948.463727700983,2.2709385718740254e-07,5474.0,0.0,14.0,1.9808097208791846,244.30856157851045,269.15526615691545,112.95080362458317,-33.68843897893021,74.54870088369535,-35.557269265054856,81.80721071081562,,3948.463727700983,10.675992705390708,-1,5.181,5.181,,5.180646345294405,
14840962413,h148,Survivor,0.08679904701487023,21.910905707379687,48.66627988929592,0.0,0.0,813.0,1.6673712801360836,42.9535052008614,22.391567768267123,-4.6926412713910395,48.43950780263287,0.16799959291859634,35.794125414358646,,110.39710324113683,511594.7991802906,1.3947642644140699e-05,21.0,0.0,1732.0,1.8629258679102625,-8.762298612950632,79.37739917633985,78.89229127752269,-90.71604780071539,54.28896917583006,-31.79350407360471,105.71988224906379,,511594.7991802906,9.059714363812617,-1,7.767,6.905,,6.904676575652035,
14840962927,h148,Survivor,0.17252605781468525,36.75853758560007,61.57071135101869,632.0,0.0,18.0,0.4347923882837207,25.934807362707943,-0.08458111841173377,55.842019209230784,25.934945284429677,0.49437357014728506,80.02233154939796,,80.02233154939796,5359.314784092841,2.209662186705412e-07,905.0,0.0,19.0,1.7927887489494017,146.6045398199775,201.4692348722256,138.19175628152584,-77.95619650295703,-3.997839802368617,-17.618803884166482,78.05864011301405,,5359.55875403304,7.766691690801139,-1,5.868,5.868,,7.039366437428594,
32940961648,h329,Survivor,0.6337476704795683,29.441939736912413,43.369595174574286,459.0,0.0,13.0,1.8735764267848143,-30.87308218353428,27.577979891208088,-12.931728701736574,41.39676531313938,0.6337476704795683,29.441939736912413,,41.33759546400114,4736.3985342832,6.214368914773485e-06,1876.0,0.0,16.0,0.9245162212556917,-142.4942216441634,179.40710298090204,109.00598789985817,32.43888272158256,-6.065177347271856,24.894363021916433,33.001022536861605,,5897.885204021931,2.2713453310455365,-1,2.271,2.153,,0.2476301581085945,
14840968565,h148,Survivor,0.08668715265067124,26.765948537968413,84.61772010745723,197.0,0.0,1.0,1.4952454688059558,-31.33367554981669,-78.34262782729274,6.386861344752106,84.37633885365545,0.2528939758370816,47.74566287485685,,47.74566287485685,1410.7019636506268,3.534537650037271e-08,962.0,0.0,5.0,1.3393213238801243,222.45498487496806,256.86804958966775,128.43276297066006,-43.668825205111716,-15.896633026710333,10.953496564065063,46.472241568279195,,1410.7019636506268,11.64575971055526,-1,7.039,7.039,,7.039366437428594,
1484096374,h148,Survivor,0.12529380887197092,33.57531068322038,113.08565518331947,6003.0,0.0,11.0,1.751383614962635,-32.20698132927646,106.48257356540853,-20.31101397723978,111.24669936432721,0.5368631792910867,80.29100748391922,,106.46682713589739,3150.9598779087914,2.258610304190267e-07,18479.0,0.0,11.0,0.8143507872689479,-132.45235921842462,250.1277117794028,212.17974629420547,12.533826706709078,-76.4100504789294,73.07251640855611,77.43121222159934,,3196.643249210801,9.706225700434647,-1,5.181,4.75,,3.7327303312245985,
3290188153,h329,Zombie,1.1977498186588178,5.898993863234192,5.898993863234192,3795.0,733.0,17.0,1.7822899337268208,0.06829771211914704,-5.7671508404032465,-1.2383195084589715,5.767555235404736,1.1977498186588178,5.898993863234192,,5.898993863234192,6004.43229846047,0.001672513482851248,3795.0,733.0,17.0,1.7822899337268208,-88.41423661322014,97.31983662131786,40.67030076236865,0.06829771211914704,-5.7671508404032465,-1.2383195084589715,5.767555235404736,,6004.43229846047,0.6415980037585494,0.6415980037585494,-0.642,0.642,,0.6415980037585494,
3294096768,h329,Survivor,0.4151721519422441,32.05621933481133,77.97387362856746,1023.0,0.0,49.0,1.9386124348623017,63.667947613081196,-35.2165206987338,-28.037726107111666,72.75857944865608,0.4151721519422441,32.05621933481133,,65.71194134920893,15180.080756808919,5.951294163907944e-06,2551.0,0.0,51.0,2.126637086094751,-88.71348453272674,145.80915917733014,115.71615514724662,-55.64645516829478,4.391569891439758,-34.67341022993605,55.81947562373225,,18165.188513982794,3.5643680039367456,-1,3.564,3.241,,0.9345484530900925,
1484096387,h148,Survivor,0.110962690103159,26.9288411562326,60.13636349542648,5691.0,0.0,2.0,1.7350079301238257,-35.138419683480606,47.80198414621191,-9.830767431230925,59.327381757221595,0.110962690103159,26.9288411562326,,187.34224265803192,564.387183461948,1.1335816090827544e-08,15926.0,0.0,2.0,2.16699562745501,-201.39672065553117,219.13396153951126,86.36581504969399,-145.10943490386853,-54.54180984859886,-105.19295967154903,155.02115055591855,,587.1272149712038,8.736458695506487,-1,8.736,8.09,,3.456616114587799,
14840961413,h148,Survivor,0.22804918928824847,80.3310640291684,80.3310640291684,1417.0,0.0,11.0,1.105936293652181,71.77360627557573,-2.179114369362651,36.012230572712724,71.80667863949793,0.46483652224320626,124.56346240675848,,232.99749781907198,3104.076987734144,5.671712206127458e-08,1591.0,0.0,11.0,0.9407518519541407,-140.02519105720836,208.2168151230827,154.10122637212302,-45.37422907936707,182.71252367210036,137.27762752456692,188.26228239128176,,3204.66714946619,13.80079749720876,-1,9.706,8.612,,3.7327303312245985,
14814089,h148,Zombie,0.5092686409619102,70.13374382640282,70.13374382640282,723299.0,520834.0,126120.0,2.460615227254926,-30.404718531592152,32.01610314973732,-54.49095570117606,44.15289084397494,0.5092686409619102,70.13374382640282,,70.13374382640282,40086904.18215886,0.002873432171691166,723299.0,520834.0,126120.0,2.460615227254926,-262.97468508063565,286.974052659818,114.88438495609628,-30.404718531592152,32.01610314973732,-54.49095570117606,44.15289084397494,,40086904.18215886,4.749638787623793,4.749638787623793,-4.75,4.75,,4.749638787623793,
1484096412,h148,Survivor,0.102049104713317,33.432468294416594,193.33446941216388,5364.0,0.0,29.0,0.8914644425212856,-111.10745738116748,101.38610492121006,121.46689963146491,150.41279651945365,0.24363773337506905,39.43669454715219,,59.49659189012105,363226.5131319266,1.6689522457215453e-05,40031.0,0.0,29.0,1.2832220826552998,-294.53498618407394,316.3512694774592,115.4437855128953,5.825240361153192,56.75518443798137,16.87483513060579,57.05334684183294,,363372.8950960452,12.369717717880137,-1,5.868,5.612,,3.456616114587799,
32930722,h329,Zombie,0.2796349701103136,49.965545167955405,65.77386466068891,762397.0,447779.0,1654100.0,1.6771400524441458,-65.24233048150563,4.571518374759762,-6.981461558574665,65.40229710727881,0.2796349701103136,49.965545167955405,,49.965545167955405,450700579.8012363,0.018913561568257183,1021799.0,608608.0,1522033.0,2.8028468599963428,154.21690098335029,206.3796506441466,137.1484876004527,-16.588485338190367,-0.7123092447545787,-47.12611243944775,16.603771567795043,,483563330.74585927,8.736458695870459,10.352737036684482,8.736,8.736,,10.352737036684482,
1484096422,h148,Survivor,0.11356974382499764,39.04419824754072,142.31020195925223,5246.0,0.0,45.0,2.260837592924284,82.82218996459414,72.01446023466633,-90.5902640920176,109.75243793839687,0.20592673643156406,53.855867177417686,,222.31443614156038,13263.561337700736,2.519269484447968e-07,25413.0,0.0,47.0,1.5564551657635353,-160.02600781967288,183.16247323073577,89.10762268907185,118.79366736545853,-187.88722385490655,3.1881378422131093,222.29157495064695,,13596.17368950353,13.262038051297376,-1,9.383,8.413,,4.318631229949769,
32940969,h329,Survivor,0.08227288400487243,19.515535522428472,71.15375772190801,75287.0,38464.0,41648.0,1.2350052766525692,-66.7252347206595,-7.801971079170471,23.446311793130008,67.17981617455736,0.08227288400487243,19.515535522428472,,197.8983026174414,11840403.353214463,0.0003274189679469881,392301.0,72101.0,41117.0,2.4807972719331604,-149.27307521517963,153.74553717100213,36.813573798305995,105.4415261805043,60.28595331763063,-156.24156479047087,121.4590943926782,,12149431.944131482,13.585293720508625,-1,13.585,12.616,,13.262038052120381,
148409612211,h148,Survivor,0.14227469105366522,42.891693236453264,100.088285506698,0.0,0.0,132.0,3.0241837100265467,-10.361113889033732,5.486899460054701,-99.39922609841597,11.724280221244927,0.14227469105366522,42.891693236453264,,95.38286606987295,48676.81469880667,7.469913223621811e-07,0.0,0.0,157.0,0.71789733952992,83.22839584683469,181.92514229759448,161.77079935749404,57.60252973985189,24.872529247379134,71.84147128303448,62.743080443920284,,48676.81469880667,11.322504042167086,-1,11.323,10.029,,10.029481368726781,
32909747,h329,Zombie,0.31750244169377007,23.016124049853406,23.016124049853406,347391.0,386889.0,99010.0,2.013210387556268,-20.34175779475845,4.342708407449209,-9.853717054264052,20.800149674767884,0.31750244169377007,23.016124049853406,,29.800192903924007,30445889.839826178,0.011936197799044587,422445.0,418810.0,95896.0,2.1123665426117846,-142.2931219181921,200.71507193033614,141.55990800637917,-25.33684058063227,-3.181403314543786,-15.36146736001865,25.535794831141715,,31549786.049792696,3.288253787329525,3.288253787329525,-3.288,3.241,,3.288253787329525,
14840964022,h148,Survivor,0.26457075145136777,52.380842059789224,132.31638108033704,445.0,0.0,22.0,1.3957715850632755,126.96960717835827,-29.24850624098326,23.040582411074865,130.29488195764043,0.5330314993758895,73.40623714435237,,73.40623714435237,6771.507675155787,4.853821566322416e-07,531.0,0.0,24.0,1.8320020317455425,178.40596564363656,279.9850549582959,215.78448142246364,-69.2042443157643,-15.48827534589691,-18.95683378590911,70.91624711239525,,6771.507675155787,7.443436022636605,-1,4.75,4.75,,4.749638787623793,
14811066,h148,Zombie,0.5651786147106029,54.802170028666126,54.802170028666126,1674750.0,1463847.0,706702.0,0.7399065069118348,19.574373913135787,31.337631353817414,40.47313413724987,36.94865698451042,0.5651786147106029,54.802170028666126,,54.802170028666126,221179081.6175167,0.033592332339400205,1674750.0,1463847.0,706702.0,0.7399065069118348,-138.792573660084,211.51017800569312,159.60318573515426,19.574373913135787,31.337631353817414,40.47313413724987,36.94865698451042,,221179081.6175167,3.7327303312245985,3.7327303312245985,-3.733,3.733,,3.7327303312245985,
14840961467,h148,Survivor,0.08314589458112659,28.584768109515423,152.29315741559768,500.0,0.0,880.0,2.521334694987174,-12.471328635816462,-87.63671802571116,-123.92528963593941,88.5196497070596,0.08314589458112659,28.584768109515423,,116.14082900166288,676544.9088307546,8.020696415085243e-06,2736.0,0.0,2396.0,0.9739607597609178,-265.19462586119425,287.02802197694916,109.80389708175761,69.0728615832486,66.75991296692882,65.27438988257927,96.06219957220702,,676544.9088307546,13.262038051297376,-1,13.262,12.939,,12.938782383819834,
1484096459,h148,Survivor,0.37601874472106955,132.45381819874027,132.45381819874027,4298.0,0.0,584.0,2.284083415201227,17.047812087199418,98.70215599601943,-86.6675859834686,100.16358367801655,0.37601874472106955,132.45381819874027,,301.1023025129624,169431.70191303914,2.2182669955459337e-06,6013.0,0.0,600.0,2.2103594038399454,-95.1189006622146,184.290170654867,157.84568963646666,4.400974239386414,-241.5513339017307,-179.71138276315833,241.59142262083955,,188073.03842697432,13.80079749720876,-1,-13.801,11.646,,3.456616114587799,
329048011,h329,Zombie,1.2895631959328935,34.46156940168276,34.46156940168276,276241.0,151352.0,39355.0,0.8555539173007235,-2.459303530221405,25.89972111006682,22.599912349254737,26.016220467873516,1.2895631959328935,34.46156940168276,,34.46156940168276,13101999.021747628,0.038968090960213975,276241.0,151352.0,39355.0,0.8555539173007235,-106.52476649868868,130.846702671485,75.98245667520793,-2.459303530221405,25.89972111006682,22.599912349254737,26.016220467873516,,13101999.021747628,1.624833994610439,1.624833994610439,-1.625,1.625,,1.624833994610439,
3294096335,h329,Survivor,0.29267275522106767,48.67172135102919,182.88455007139888,2595.0,0.0,15.0,1.024754683405074,105.62200641127856,115.19888379919212,94.97350992721113,156.29072610658613,0.29267275522106767,48.67172135102919,,137.59018204952957,4236.226272164107,2.482265391702141e-07,3447.0,0.0,15.0,1.35977106021553,-113.51445040642014,124.73794931775976,51.71098093179421,-7.074803555262406,134.35182783950768,28.81998798161476,134.53797415288474,,5784.479843486724,8.089947359443325,-1,8.09,7.12,,0.9345484530900925,
329048022,h329,Zombie,0.6923239045832428,18.501278852782157,18.501278852782157,101791.0,24419.0,9368.0,1.0185072427744841,11.285933113990723,-10.98679331043968,9.706462058268698,15.75061628952323,0.6923239045832428,18.501278852782157,,18.501278852782157,3019114.4560603136,0.008979479127404365,101791.0,24419.0,9368.0,1.0185072427744841,-136.12686006055606,137.90594403433087,22.08002196678679,11.285933113990723,-10.98679331043968,9.706462058268698,15.75061628952323,,3019114.4560603136,1.624833994610439,1.624833994610439,-1.625,1.625,,1.624833994610439,
1484096478,h148,Survivor,0.08520666750038099,27.91469085086098,161.61297008921437,3145.0,0.0,1512.0,2.202512106019724,19.09647093579406,129.01855850396896,-95.43735359079074,130.42416816159374,0.4777016679212535,77.32371542577879,,77.32371542577879,547555.9683654237,2.257590321048367e-05,32740.0,0.0,1913.0,1.811175441417678,158.97781365660762,266.79894321379913,214.26089439037855,6.456190801474804,-74.82246212920109,-18.408523257068737,75.10048760654476,,547555.9683654237,12.369717717880137,-1,5.868,5.868,,5.8675646402035175,
3294096350,h329,Survivor,0.13686048429858774,27.262270576983923,72.99971885465375,2437.0,0.0,21.0,0.6683983657609721,-25.444827146318858,-37.40624941190981,57.29129278770415,45.240100835122476,0.2864644012696316,38.966347030413985,,89.80208970144797,7340.919961691529,5.061681090073083e-07,30480.0,0.0,26.0,1.0907068490493355,-146.89692203440455,174.39539300107674,93.99493282522242,5.605245686785565,-79.45281243425597,41.475862038354535,79.65028677237949,,9368.377934161806,10.352737036684482,-1,6.797,6.474,,0.978322658162599,
329048034,h329,Zombie,0.6885847471753914,18.401355690488998,18.401355690488998,42161.0,32504.0,3785.0,1.8032753451493684,-17.70697801039205,-2.664483562366513,-4.239498594558427,17.906326896229412,0.6885847471753914,18.401355690488998,,18.401355690488998,1257583.7184054705,0.0037403175383821548,42161.0,32504.0,3785.0,1.8032753451493684,-114.15252289797118,124.14719690754197,48.80295089467606,-17.70697801039205,-2.664483562366513,-4.239498594558427,17.906326896229412,,1257583.7184054705,1.624833994610439,1.624833994610439,-1.625,1.625,,1.624833994610439,
32940963299,h329,Survivor,0.06645956119638813,13.538926550132286,81.03746487263784,212.0,0.0,3.0,1.472248529503882,-80.33081458892048,-7.103514732199983,7.9731436029906035,80.64427874356679,0.23852055711683795,18.416618886958535,,56.67098264462547,2907.9116019296694,1.140035920952649e-06,1429.0,0.0,10.0,0.5729224544112449,-141.70209648036445,169.35254884411987,92.74050707791872,-4.708852891373681,30.357752671745402,47.62177895748937,30.720781937175097,,3721.3412672625404,10.766908361748849,-1,3.564,3.241,,0.33181132170949884,
32906729,h329,Zombie,1.501642816421416,69.7616407394307,69.7616407394307,155690.0,238796.0,17362.0,1.1429167607581014,10.602404580797156,62.580690620739006,28.947067160488587,63.47246506528294,1.501642816421416,69.7616407394307,,69.7616407394307,5804681.909923647,0.006313316773665706,155690.0,238796.0,17362.0,1.1429167607581014,-107.27743373745555,128.28145851992795,70.3397811391664,10.602404580797156,62.580690620739006,28.947067160488587,63.47246506528294,,5804681.909923647,2.2713453310455365,2.2713453310455365,-2.271,2.271,,2.2713453310455365,
14840962026,h148,Survivor,0.2184314452033695,48.77089628788019,111.14105575522136,417.0,0.0,567.0,0.5916006708538927,32.501783227977285,-52.77726022229035,92.25252931391879,61.98229674326191,0.4229371926757078,51.206579191476266,,88.07610330289604,417852.7381307364,6.346281911274742e-05,80996.0,16420.0,1374.0,2.647781442081128,-115.2817017710596,180.22534949334957,138.53268869392693,-3.187590260462457,41.624898414240306,-77.55389786050728,41.746771128608486,,504523.05938595044,8.089947358984185,-1,4.285,3.733,,4.284958764506266,
329034745,h329,Zombie,0.6226363376579135,10.838924964217219,10.838924964217219,36055356.0,8655975.0,129857780.0,1.8218544747503653,6.444227615063937,-8.28876164101166,-2.692704083940953,10.499125634844978,0.6226363376579135,10.838924964217219,,10.838924964217219,152713.66176099537,0.0009407950769025232,34461.0,13743.0,441.0,1.8218544747503653,-117.77736617943353,131.8626232106733,59.29792083906164,6.444227615063937,-8.28876164101166,-2.692704083940953,10.499125634844978,,152713.66176099537,1.1769902042619598,1.1769902042619598,-1.177,1.177,,1.1769902042619598,
32907774,h329,Zombie,1.026705533455302,57.150883556493866,57.150883556493866,989243.0,497950.0,162799.0,0.15664688067460777,-0.6708481348769055,8.89066578240454,56.45112501990934,8.91593939383207,1.026705533455302,57.150883556493866,,60.731738581055815,52222036.777017646,0.0401946659850923,989343.0,499008.0,161657.0,0.133728519263107,-113.36456492828582,160.57311761312974,113.71983784116325,2.013621718839204,7.843015756942805,60.18950491977375,8.097380353560936,,52472851.42942639,2.6249062181590097,2.6249062181590097,-2.625,2.595,,2.6249062181590097,
