IDs,Simulation,Status,infall_mass,time_infall,infall_mass_ratio,time_quench,max_sSFR,time_max_sSFR,time_disruption,infall_relative_velocity,infall_radial_velocity,infall_tangential_velocity,max_stellarmass,time_max_stellarmass,time_closest_approch,distance_closest_approach_hostRvir,distance_closest_approach_pkpc,infall_x,infall_y,infall_z,infall_distance,infall_phi_z,infall_z_away,final_x,final_y,final_z,final_distance,final_phi_z,final_z_away,infall_n_dm,infall_n_star,infall_n_gas,final_n_dm,final_n_star,final_n_gas
148409610,h148,Survivor,17699273.6976331,7.33609179088283,0.000405349321596,-1,1.1464211460263E-08,0.767008023598156,-1,-1,-147.400101118506,173.328110790645,74776108.9763004,9.06001331253359,13.4084760748066,0.471135331893179,124.740087533692,-122.880591249639,196.970556160351,-90.82385341599,249.291018789904,1.94370810140124,232.157359779911,20.9765329055845,125.426582330547,-47.7733687500186,135.846005644574,1.93015396209122,127.168559352776,390397,7512,43483,240591,26111,46997
14840961090,h148,Survivor,2256.4102074602,5.8680648701016,7.0472271785396E-08,0.642427757376236,1,0.642427757376236,-1,-1,-179.810588392931,144.798189221371,2796.66808614233,0.642427757376236,12.3485359539068,0.22045572509424,55.6586954617857,-11.6471748148379,148.567516435203,-95.6303356199824,177.068135788691,2.14132430717454,149.023366023224,106.466290661796,100.093621129399,-9.75235970114227,146.454472645318,1.63743533920845,146.129408532566,1940,1,0,1022,1,0
148409612,h148,Survivor,47961169.5408936,12.5078563558472,0.00059193452605,10.3529544537719,1.1464211460263E-08,0.767008023598156,-1,-1,-56.8747491323426,109.329772757164,74776108.9763004,9.06001331253359,8.91857535317047,0.760843961026305,160.738635697787,84.8354043897125,-329.467902517459,154.151688623693,373.508885748058,1.1453666023573,340.214850685886,-52.3299403171586,-255.495267199716,114.102767706438,284.667693659328,1.15837593637643,260.799260380569,213127,21015,655,212293,21027,342
148409613,h148,Survivor,5419765.11371959,12.5078563558472,6.68904892145301E-05,-1,4.23804511537867E-09,6.47413103005709,-1,-1,-103.690147813551,174.278007638382,5701916.34955817,13.8007974970854,13.8007974970854,1.02528563874892,275.318069661593,-237.744542011795,-282.800977031777,-49.6433358567629,372.777843576456,1.70436449475629,369.457521058274,-178.582915090254,-50.9831217159954,-203.245918089749,275.318069661593,2.4012274030331,185.717894296809,208077,2313,5651,203901,2459,4193
1484096189,h148,Survivor,101132.317154708,5.18118988881848,3.98532243376267E-06,2.59530760628031,4.5746955006949E-09,1.54479292893163,-1,-1,-123.01944160742,82.3455401743087,113507.692371234,2.3697163133881,6.21765085792672,0.147507774749319,22.4033611704266,-61.9184182578974,179.754175001146,32.3597098931787,192.853843037346,1.40220485341679,190.119578028941,-90.0342241599101,-55.1035375423598,173.550523584399,203.131350623626,0.546447729155917,105.558331598028,53543,44,1772,6607,44,0
14840962,h148,Survivor,724848246.212775,11.6458955950201,0.009323152288556,-1,6.08374571463539E-07,0.642427757376236,-1,-1,-115.58053639247,148.17487137578,1042070160.95477,13.8007974970854,13.7567895715346,0.709605415929198,189.397433720566,49.0756751388435,-340.349544551715,-116.393341087547,363.033943614664,1.89717273040448,343.869501943532,-3.39974102417909,127.543414943422,-141.566839167928,190.578201498649,2.40808112073882,127.588717896456,2721171,304685,494230,2232416,435431,367099
1484096217,h148,Survivor,5952005.86908911,13.8007974970854,6.73930525394986E-05,13.8007974970854,1,13.8007974970854,-1,-1,182.929113749565,106.507405577259,5952005.86908911,13.8007974970854,13.8007974970854,0.48610928687097,130.534034075809,8.65951026498078,-125.190852510921,-35.9360178882416,130.534034075809,1.84969806020788,125.489986335327,8.65951026498078,-125.190852510921,-35.9360178882416,130.534034075809,1.84969806020788,125.489986335327,3142,2582,0,3142,2582,0
1484096223,h148,Survivor,977594.327314754,10.7670996630761,1.33216050237798E-05,10.7670996630761,1,10.7670996630761,-1,-1,9.31416192200939,138.147603988236,977594.327314754,10.7670996630761,12.6948675174633,0.339707140489427,87.8039678376877,-169.83498738355,67.6778416151792,-53.9422312619245,190.614735786022,1.85770735479095,182.822901150977,-31.9790535672764,-169.565628394601,61.7503990753867,183.271039681353,1.22713684656005,172.55480926336,16643,420,0,5096,418,0
148409623,h148,Survivor,17967979.4789897,5.8680648701016,0.000561176478059,-1,3.14457330495874E-07,1.17778619870681,-1,-1,-171.930829629803,125.171694974574,52287298.7360205,7.03979277934896,11.4366214679577,0.483314490690956,85.937189965824,-59.0040078307793,162.482539136925,-119.649202718001,210.233156698772,2.17623912678808,172.864248659105,141.391541155546,-69.1743105803689,205.476282884407,258.838088353709,0.653697007647767,157.406013718059,204042,7323,54350,69956,20107,16220
1484096263,h148,Survivor,519483.838274293,13.8007974970854,5.88198371712924E-06,13.8007974970854,1,13.8007974970854,-1,-1,181.017627671462,137.107087607447,519483.838274293,13.8007974970854,13.8007974970854,0.458974584614955,123.24760231121,3.35517194492786,112.683615662943,-49.8108126595835,123.24760231121,1.98684830217002,112.733554976564,3.35517194492786,112.683615662943,-49.8108126595835,123.24760231121,1.98684830217002,112.733554976564,4497,230,0,4497,230,0
1484096290,h148,Survivor,2071054.04539504,4.75020950840088,9.97223074262369E-05,4.75020950840088,1,4.75020950840088,-1,-1,142.150464186337,214.231419104689,2071054.04539504,4.75020950840088,7.20204103710806,0.269396621278382,45.7991204616473,-59.0485359275463,31.9732663456707,-14.4278831614993,68.6817528061114,1.78244150383638,67.1492319836789,63.967107284323,-169.659353282106,8.1231645680964,181.499511770768,1.52602552363593,181.317641089957,32693,863,1460,3531,812,0
14840963,h148,Survivor,485607256.689293,9.06001331253359,0.007877059659637,-1,6.34558070104173E-09,0.935359734708455,-1,-1,-124.05469016321,187.489080344723,689906329.222246,13.8007974970854,10.369699536958,0.732629956988823,148.300062299146,-65.1665269876321,203.398022087626,170.752179289731,273.447871377673,0.896380133880908,213.582376681195,207.016281735396,-159.133083564684,-55.9409286464506,267.036451980213,1.78184762488981,261.11123910769,1550729,204168,222108,1063765,294793,135161
1484096306,h148,Survivor,6768.10564987859,11.214915214603,8.94448076664726E-08,1.54479292893163,6.93459201705357E-05,0.767008023598156,-1,-1,-126.856531452091,87.6038625172694,8487.23983348131,1.73334684537881,13.4318876605858,0.953601832832124,252.561614353158,-9.84421342617861,-344.497373364524,-87.3982234539762,355.54718147659,1.81915496707092,344.637996734307,-35.3433624198005,126.64755431809,-225.750145787886,261.250616468445,2.6141823456796,131.48671522968,7324,3,20,4024,3,0
148409636,h148,Survivor,47489.0199371833,12.0768759754344,5.98558152248189E-07,11.214915214603,2.64820491892187E-08,9.9219740733591,-1,-1,-228.537480871553,63.7042803654886,59980.4164141585,12.9388367362599,13.119012480578,0.125071542839193,32.9556637382124,19.9879549455291,-302.438374665635,54.253258292767,307.915418335421,1.39367636388273,303.098150461687,-34.503059412702,209.817483708925,69.682063000575,223.761988467204,1.25411826518302,212.635457012186,78856,23,696,62603,25,0
1484096380,h148,Survivor,11284.89735327,13.8007974970854,1.27776029956799E-07,13.8007974970854,1,13.8007974970854,-1,-1,269.804157947985,103.086133664904,11284.89735327,13.8007974970854,13.8007974970854,0.427156220817052,114.703475514195,47.4425290526015,7.69029678484367,-104.14870650896,114.703475514195,2.709239169138,48.0617751185483,47.4425290526015,7.69029678484367,-104.14870650896,114.703475514195,2.709239169138,48.0617751185483,3247,5,0,3247,5,0
148409639,h148,Survivor,5714778.98696081,7.03979277934896,0.000137497941447,9.9219740733591,3.6920146084487E-07,1.30236646492817,-1,-1,-148.302979120351,133.396143062791,6384049.52540801,9.49099369294634,12.4631727712358,0.384230170161844,97.5896798933269,-15.646294965878,-34.800890913988,-235.745570003173,238.813488586151,2.98113016776895,38.156369777097,-13.1858221108014,29.9151499242143,185.18180192283,188.045424999154,0.174740758487872,32.6922330183473,135736,2441,7456,46898,2789,0
14840964,h148,Survivor,170421135.559396,10.7670996630761,0.002322316110265,-1,1.51167512017772E-08,0.767008023598156,-1,-1,-89.0129786287045,145.242729717001,198305544.335431,13.8007974970854,12.8766310605172,0.764783017124929,199.27622970846,-279.840624223169,-140.010668645737,158.744784891522,350.875574855951,1.1013139555202,312.911748421562,139.910335555844,182.677331848066,-86.3340225497413,245.763042413005,1.92974455447749,230.099781761038,907955,73477,60705,800481,85749,42203
1484096438,h148,Survivor,110681.707230611,8.19805255170897,2.04323903698625E-06,1.17778619870681,2.17736724341991E-08,0.477443080486768,-1,-1,-90.6268785573313,62.2025520614284,131697.684495803,0.767008023598156,4.97797417104351,0.051640148506758,6.87171241084271,-186.234223530739,167.211168891152,-73.7434091114847,260.923075643812,1.8573260049721,250.28535917237,-51.9164856976568,-19.8928336130703,12.0463612437779,56.887266901899,1.35742243122687,55.5971790323241,3859,49,0,2757,49,0
148409644,h148,Survivor,4512.25115172661,9.9219740733591,6.59695429460314E-08,6.90511141046993,1,6.90511141046993,-1,-1,-89.0526170410396,202.074611463543,4512.84074574876,6.90511141046993,13.8007974970854,1.01726262778158,273.163665260594,142.859214041779,-275.9918481653,59.6309745970175,316.44289914884,1.38122135334954,310.77363995412,-126.525337748401,130.260334827191,-204.06364717157,273.163665260594,2.41439162942624,181.594096604595,52185,2,25,43907,2,0
148409648,h148,Survivor,61738.3553721382,8.19805255170897,1.13972056387648E-06,12.5078563558472,6.5874055204485E-09,8.19805255170897,-1,-1,-129.047707109724,77.1314584960176,1308227.81182483,12.9388367362599,9.26613436403826,0.283359735409087,61.5090487101507,-215.404458924804,-32.1507529022547,-67.8704393429744,228.120907357212,1.87288986629789,217.790614666632,-72.2034674369897,-3.93483152379849,-34.6952315973576,80.2033833740161,2.0181605221048,72.3106050938942,123451,242,10998,38135,568,244
1484096563,h148,Survivor,54985.80958289,8.60883072678898,9.49724750882869E-07,6.47413103005709,1,6.47413103005709,-1,-1,-63.9088844977683,80.4046875639158,54986.0128911735,6.47413103005709,13.1881999663974,0.107861638441013,28.4586730470783,13.7050695348808,-176.697555911658,-203.011706302401,269.48767706877,2.42389921060347,177.228257329664,-103.302974741255,84.8886997231093,42.7793547852307,140.384005951224,1.2611403711426,133.707127450531,5054,2,0,2116,2,0
148409662,h148,Survivor,15901350.7772321,5.8680648701016,0.000496631467994,6.47413103005709,1.39154200162267E-07,0.767008023598156,-1,-1,-119.27556453544,149.364802429327,15942825.6670657,5.18118988881848,12.4058768845383,0.273100989160364,65.1060811114249,-9.53301697608549,169.898592522788,-67.5328062246099,183.076732739203,1.94859691306622,170.16583133488,-6.23296273093001,43.2825649212609,-109.328780536558,117.74978770333,2.76110565208038,43.7290549928572,103846,6759,3352,23972,6228,0
148409669,h148,Survivor,6767.99044185127,12.0768759754344,8.5304684296843E-08,1.30236646492817,0.000137664420681,0.642427757376236,-1,-1,-106.761995207815,151.062416501413,9178.28468909114,1.30236646492817,13.8007974970854,0.978329768332306,262.709096011912,245.147081357165,247.93295914866,-60.1683600300821,353.819269230574,1.74168073077462,348.665805220626,177.980201605664,7.37506745973951,193.092530522979,262.709096011912,0.745122095556261,178.132938513989,26095,3,0,25691,3,0
1484096779,h148,Survivor,2256.06458337826,10.3529544537719,3.17691911287552E-08,10.3529544537719,1,10.3529544537719,-1,-1,221.266795126282,110.506289751055,2256.06458337826,10.3529544537719,13.8007974970854,0.207313008987848,55.6693815783062,-112.621936076463,3.69899251475726,43.5760903799164,120.814977068382,1.20179463006703,112.682665176304,-7.50016128553034,54.6811131555223,-7.26660099875153,55.6693815783062,1.70170124957404,55.1930843062427,3398,1,0,1488,1,0
1484096932,h148,Survivor,0,6.47413103005709,0,7.03979277934896,1,7.03979277934896,-1,-1,120.197142198411,64.1825451920914,13561.4079730254,7.03979277934896,11.9013848004638,0.143955694020457,35.4744470833588,83.6231786128428,-78.8155579769427,-96.7263875355093,150.202271042091,2.27047802158256,114.911827853064,-104.191520371976,45.0458195452884,177.393368836525,210.602483563471,0.56923461379991,113.512108499185,5240,6,0,1229,6,0
1480275869,h148,Zombie,2911.45594300532,0.767008023598156,0.797086337475741,0.935359734708455,2.17737251671872E-08,0.767008023598156,0.935359734708455,0.935359734708455,-26.9294752617603,38.2327119378974,2911.45594300532,0.767008023598156,13.8007974970854,2.18877293054169E-41,5.87747175411144E-39,-1.00854429618221,-3.75852671191205,-1.81452376738798,4.29373743304525,2.00710600490817,3.89148874359391,2.20072214323955,-2.23421064178137,-0.835435898216019,3.24543191018114,1.83114658164915,3.13606044960775,1324,1,305,1586,1,74
1480347728,h148,Zombie,58227.8312409775,0.935359734708455,0.063520127157801,-1,1.85969880150102E-08,0.935359734708455,1.17778619870681,1.17778619870681,-33.511181944951,41.2446855322281,58227.8312409775,0.935359734708455,13.8007974970854,7.01773987536819E-40,1.88446080082734E-37,-0.146194451073825,7.39945066635391,3.81575244415444,8.32665657370356,1.09476263835782,7.40089474194372,0.955920815988065,-6.05496406912334,0.577306877304181,6.15708191559904,1.47689532799577,6.12995713564246,13432,19,3519,2087,19,352
1480384124,h148,Zombie,140092.961215715,1.30236646492817,0.004503340689313,-1,2.30498082712539E-08,1.17778619870681,1.30236646492817,1.30236646492817,-125.404871684185,18.2868875939327,140092.961215715,1.30236646492817,1.30236646492817,0.444352834155111,7.24207159016714,-2.04678855512884,-4.94629185863141,4.8777509547881,7.24207159016714,0.831822460002856,5.35305020900886,0,0,0,0,,,15185,46,4766,40615413,37682333,6307699
1480384163,h148,Zombie,46981.9013087114,1.30236646492817,0.001510250807669,-1,2.17737217724366E-08,1.17778619870681,1.30236646492817,1.30236646492817,-46.2063310099004,8.06637307614233,46981.9013087114,1.30236646492817,13.8007974970854,4.20244402664005E-39,1.1284745767894E-36,18.1142935484513,-17.8541761753386,7.0374035018267,26.3898519455304,1.30085921985441,25.4342139186469,18.1142935484513,-17.8541761753386,7.0374035018267,26.3898519455304,1.30085921985441,25.4342139186469,9674,15,4962,9674,15,4962
14803846,h148,Zombie,16150810.0410842,1.30236646492817,0.519173835660306,-1,2.1773699598945E-08,0.767008023598156,1.30236646492817,1.30236646492817,-82.2254622170283,22.4810400826129,16150810.0410842,1.30236646492817,13.8007974970854,1.56615841920085E-39,4.20557644096899E-37,-15.1534462388918,7.44490503524958,1.70979949366483,16.9698838595732,1.46987014146016,16.8835287750774,-15.1534462388918,7.44490503524958,1.70979949366483,16.9698838595732,1.46987014146016,16.8835287750774,215786,5408,61688,215786,5408,61688
1480456309,h148,Zombie,1738861.86404481,1.30236646492817,0.055896365652442,-1,1.37625073465E-07,0.767008023598156,1.54479292893163,1.54479292893163,-84.3945926677591,42.5685380115763,4213977.56900664,1.54479292893163,13.8007974970854,5.60325870218673E-39,1.50463276905253E-36,-17.8113413966985,9.28478049426758,-2.61045897405347,20.2550123977176,1.70003545453904,20.0860904900998,3.14536101191788,-8.19479452444193,-1.07828080451054,8.84367811979227,1.69302719791602,8.77769634887858,11987,600,8572,3248,1453,3104
148045663,h148,Zombie,16150810.0410842,1.30236646492817,0.519173835660306,-1,2.1773699598945E-08,0.767008023598156,1.54479292893163,1.54479292893163,-82.2254622170283,22.4810400826129,16150810.0410842,1.30236646492817,13.3648848056645,1.07337361492669E-24,2.83985724488587E-22,-15.1534462388918,7.44490503524958,1.70979949366483,16.9698838595732,1.46987014146016,16.8835287750774,6.71684738507156,-6.57745443000476,2.55253315731898,9.74137418911443,1.30567113248428,9.40100768923907,215786,5408,61688,42644,2874,6129
14805124,h148,Zombie,63374173.8211634,1.73334684537881,0.297868734969501,-1,1.16065393898258E-08,1.17778619870681,1.73334684537881,1.73334684537881,-94.9976003422731,42.2037940143982,63374173.8211634,1.73334684537881,13.3648848056645,6.30116517521067E-24,1.66711845020214E-21,-55.2042408217721,-14.2070027722611,41.2746855475261,70.3771752738515,0.944092341634301,57.0030449404175,-55.2042408217721,-14.2070027722611,41.2746855475261,70.3771752738515,0.944092341634301,57.0030449404175,585658,23166,144002,585658,23166,144002
148051272,h148,Zombie,907608.839191946,1.73334684537881,0.004265906448582,-1,5.98665290475783E-08,1.17778619870681,1.73334684537881,1.73334684537881,-59.6973336613014,34.832354983998,907608.839191946,1.73334684537881,13.3786232061698,8.67052822023671E-24,2.29449601575359E-21,-1.33280850859865,45.0442459246133,-23.172985113627,50.6729484884589,2.04575854763367,45.0639597620719,-1.33280850859865,45.0442459246133,-23.172985113627,50.6729484884589,2.04575854763367,45.0639597620719,30956,329,10116,30956,329,10116
148064011,h148,Zombie,176177470.759504,2.16432722582951,0.280784484844296,-1,1.16065393898258E-08,1.17778619870681,2.16432722582951,2.16432722582951,-83.8812081647601,49.7913859700669,176177470.759504,2.16432722582951,13.8007974970854,2.19601995474672E-37,5.89693205511939E-35,-12.2558445044988,-15.3534340492852,7.93235064046075,21.1862183578717,1.18703496703225,19.6451943646328,-12.2558445044988,-15.3534340492852,7.93235064046075,21.1862183578717,1.18703496703225,19.6451943646328,308184,64605,86271,308184,64605,86271
14807012,h148,Zombie,345576643.347184,2.3697163133881,0.27618722648295,-1,1.79833657244251E-08,0.935359734708455,2.3697163133881,2.3697163133881,-128.387849086867,42.5936463201713,345576643.347184,2.3697163133881,13.8007974970854,1.60374622126167E-36,4.30651027555225E-34,-25.5730110642726,-31.2430331435253,19.7807779700916,44.9598175263522,1.11523583970973,40.3745713896857,-25.5730110642726,-31.2430331435253,19.7807779700916,44.9598175263522,1.11523583970973,40.3745713896857,1353068,126553,363967,1353068,126553,363967
148070125,h148,Zombie,22832333.4699638,1.73334684537881,0.107315612607304,-1,1.81618311760078E-08,0.642427757376236,2.3697163133881,2.3697163133881,-120.346918384925,66.393907365452,50143480.6559615,2.3697163133881,13.8007974970854,8.01873110630833E-37,2.15325513777612E-34,-5.06209809259781,-17.4754419555147,25.6767275965876,31.4691952345307,0.616456686112351,18.1938426023654,8.18515980890425,16.3473440856023,-1.37966246902943,18.3340112435557,1.64611906462729,18.2820266860756,288611,8173,47912,118995,18570,43532
148070149,h148,Zombie,7072349.71919062,2.3697163133881,0.005652270462325,2.3697163133881,8.64681045913896E-09,2.16432722582951,2.3697163133881,2.3697163133881,-152.080097686378,46.4321288301719,7072349.71919062,2.3697163133881,13.8007974970854,2.24130348087469E-38,6.01853107621011E-36,-19.989047164463,-9.74885972711854,9.93559456965704,24.3581261999925,1.15064731889365,22.2396554047531,-19.989047164463,-9.74885972711854,9.93559456965704,24.3581261999925,1.15064731889365,22.2396554047531,46741,2658,20764,46741,2658,20764
148070165,h148,Zombie,5434200.00184795,2.3697163133881,0.004343049958837,-1,1.65183987187609E-08,0.477443080486768,2.3697163133881,2.3697163133881,-235.413080693011,126.40589874933,5434200.00184795,2.3697163133881,13.8007974970854,1.44559730839764E-36,3.88183590420405E-34,-28.3228539644188,-32.9347232784021,6.62339463505214,43.9402937018672,1.41948334724322,43.4382326311133,-28.3228539644188,-32.9347232784021,6.62339463505214,43.9402937018672,1.41948334724322,43.4382326311133,39057,2067,14203,39057,2067,14203
148089619,h148,Zombie,13586143.8141843,2.92527696005734,0.004642969632965,-1,1.05990222185709E-06,1.30236646492817,3.02628798672363,3.02628798672363,-153.054868338771,18.1171928786315,17760876.107533,3.02628798672363,13.8007974970854,4.59018952883137E-35,1.23259516440783E-32,-39.3602340405114,8.11620443804986,-41.7940602698591,57.9814131601211,2.37577843435509,40.188316687864,-28.0189646888703,4.8819423269133,-30.9640105879444,42.043616576239,2.39863870362661,28.4410925092456,178943,5090,83664,177974,6470,79919
148097431,h148,Zombie,9090794.35775915,3.02628798672363,0.002876204198641,-1,1.32441736642505E-07,1.54479292893163,3.28891665605218,3.28891665605218,-152.647523086693,29.7231188723123,11566411.5564869,3.28891665605218,13.8007974970854,1.83607581153255E-34,4.93038065763132E-32,-71.385998887301,34.7257211346578,-45.6476626858803,91.5726250259523,2.09264765449631,79.3841076378626,-36.6652099810108,16.0284221825841,-23.7059691150644,46.5104387455026,2.10562235267793,40.0155962171597,102891,3434,34032,104008,4343,33884
148102421,h148,Zombie,58972752.7917144,2.92527696005734,0.020153525836993,3.45726836715765,4.34364345455431E-08,1.17778619870681,3.45726836715765,3.45726836715765,-184.930179644851,27.4619019101555,94038213.449183,3.28891665605218,13.8007974970854,9.18037905766273E-35,2.46519032881566E-32,-18.4107303862156,-54.4341167149014,11.4148340289812,58.5860605587594,1.37470329354257,57.4632757148897,-1.99335931861606,39.2459432678006,8.83394864898946,40.2772416270717,1.34967012574799,39.296533490278,470523,22446,122072,167690,33186,36631
148102429,h148,Zombie,6539458.37731391,3.28891665605218,0.001463137895899,-1,7.767361590782E-09,0.767008023598156,3.45726836715765,3.45726836715765,-128.537275107137,60.6233635493131,7062523.15215488,3.45726836715765,13.3607182415768,2.89180264801088E-19,7.65042453087352E-17,-73.815599515463,-36.2778040398007,-39.2642610585826,91.1400241071612,2.01618923884102,82.2485367515885,-50.931025285945,-33.7874121317291,-25.2909421187851,66.1452213579531,1.96313971307034,61.1192159245918,122674,2613,27843,118651,2802,28550
14810249,h148,Zombie,107216656.385526,3.28891665605218,0.023988646150487,-1,6.67482901153086E-07,0.642427757376236,3.45726836715765,3.45726836715765,-145.090169795748,46.1276720487929,114282296.931361,3.45726836715765,13.8007974970854,1.68279127760507E-33,4.51876851370834E-31,-66.662677995233,-6.2573044189503,-58.3072241215396,88.7851275881664,2.28726125948422,66.9557054782305,-48.763618128376,3.60088405211354,-36.322982954287,60.9115416782753,2.20970967152755,48.896388608228,552202,41490,147494,535957,44458,139141
14811066,h148,Zombie,184822816.668119,3.28891665605218,0.041352242263977,-1,1.46473729059267E-08,0.935359734708455,3.73336517336249,3.73336517336249,-111.523200810138,84.2662149444341,226705000.762993,3.73336517336249,13.8007974970854,1.17508851938083E-32,3.15544362088405E-30,88.7133496683309,33.6274716666994,41.8645374242096,103.699106812997,1.15522614320639,94.8728900164332,16.949864578346,31.8423644157901,38.5032546004641,52.7611096892437,0.752816955424655,36.0726223168243,925807,73485,219560,833191,89411,225221
14812803,h148,Zombie,614561634.746429,4.28219175154439,0.041018169646694,-1,5.48587524983576E-07,0.767008023598156,4.31922912798612,4.31922912798612,-158.509160945474,87.0738720648267,625638547.725681,4.31922912798612,13.3648848056645,6.52474486234246E-17,1.72627160856945E-14,60.3757454458864,55.4739885583203,40.9283344943451,91.6390888714861,1.10780635707219,81.991426653737,52.4955658835515,53.164829274403,38.5755564586634,84.0854152948432,1.09419003627586,74.7146806806448,1688605,241272,318765,1544220,245345,299288
14812806,h148,Zombie,848452.9056368,3.02628798672363,0.000268439006923,-1,3.29885838198064E-09,2.3697163133881,4.31922912798612,4.31922912798612,-74.709819133535,142.724671746109,408791287.935229,4.31922912798612,13.8007974970854,5.31784358751133E-31,1.42799077246652E-28,88.0672797951056,28.8030198026981,26.4623729859741,96.362424753183,1.29260913756028,92.6577558559673,6.67704536759629,-33.2087366742016,-34.7829168506123,48.5515646604104,2.36944199635137,33.8733394624357,17400,334,6284,635164,155976,176046
148153610,h148,Zombie,118691375.906155,4.28219175154439,0.007921911680229,-1,5.48587524983576E-07,0.767008023598156,5.18118988881848,5.18118988881848,-177.878709766051,173.083936319824,615746244.344944,3.88824874757336,13.8007974970854,1.20387804473224E-29,3.23275160459768E-27,59.5983802859682,-0.232788268476725,60.0193977756026,84.5833862672501,0.781882301982406,59.598834913854,-21.7911497049809,15.7191834135738,-81.7144241265469,86.0185680128869,2.82391253012836,26.8690701858933,555515,46176,100842,294639,52121,77390
148153614,h148,Zombie,26242152.2313651,5.18118988881848,0.001034124807384,-1,5.94763097902513E-08,1.17778619870681,5.18118988881848,5.18118988881848,-242.775803001251,84.3667024192477,26242152.2313651,5.18118988881848,13.3705152976748,7.53561002678252E-17,1.99389887410993E-14,-25.2778469469395,-79.4241993024625,-74.2261710445891,111.609575973797,2.29835976522598,83.3497029455426,-25.2778469469395,-79.4241993024625,-74.2261710445891,111.609575973797,2.29835976522598,83.3497029455426,300675,11001,30939,300675,11001,30939
148192016,h148,Zombie,21608485.3727334,5.8680648701016,0.000674876868144,-1,8.90524478330867E-09,1.30236646492817,6.47413103005709,6.47413103005709,-186.724631128488,30.0701684386726,22622112.7048268,6.47413103005709,13.3705152976748,6.93160916146765E-16,1.83408213186446E-13,-56.4452031655146,178.269793277826,-20.3960135439938,188.101508564397,1.67944082151794,186.992460157396,-12.4173128603506,45.7608594424801,3.08113028721527,47.5156740395529,1.50590629405271,47.4156716243295,233844,8865,31078,214803,9414,22578
14824322,h148,Zombie,3856337967.50524,7.76707217129583,0.082478120841945,-1,5.85507642900197E-08,0.767008023598156,8.19805255170897,8.19805255170897,-190.630090081515,62.7690509368544,4337914298.62704,8.19805255170897,13.8007974970854,1.97147139087724E-25,5.29395592033938E-23,-65.3403688837898,-122.939694121102,-162.94173921635,214.32112022689,2.43452369188558,139.224754251748,-17.9154424301869,-87.5810244916829,-77.0019999917313,117.986045493561,2.28185531519099,89.3946247180562,3672032,1545312,507625,2823507,1743982,390934
14829442,h148,Zombie,5308101427.47969,9.06001331253359,0.086102979409175,-1,5.88354333780755E-10,9.06001331253359,9.9219740733591,9.9219740733591,103.825212716586,80.2141141218654,6153043876.75475,9.9219740733591,13.8007974970854,2.60114713039047E-23,6.98481261981543E-21,-27.3931749652911,113.353356162152,36.4452126556425,122.178651627106,1.2678910824352,116.616334138502,-59.608402672282,102.691763031627,14.8374518167366,119.661647323187,1.44648132663424,118.738198839653,2165760,2150980,248437,1518991,2518931,186097
229409618,h229,Survivor,36553202.9066794,8.73677802716366,0.001106013008637,8.73677802716366,5.49910712573093E-12,12.2923661655689,-1,-1,128.493687722071,242.373192237885,36553202.9066794,8.73677802716366,8.73677802716366,0.283125398817553,46.3583512420493,-12.3115355481859,-27.912968881712,34.9054292415312,46.3583512420493,0.718265910870881,30.5075030008303,6.97307210767031,-48.968672614461,128.452686644898,137.64682102589,0.367565620812474,49.4626589685697,103841,15941,3157,35419,15681,0
2294096191,h229,Survivor,283447.664993018,6.79736631530637,9.61105659969805E-06,5.82766045937754,3.98802808666493E-09,3.8882487475201,-1,-1,-131.785578808618,66.0200410335938,310423.963436094,2.59530760628071,11.5340515016369,0.056316199856288,11.2393600127106,-159.836785063062,-90.1190077482497,-26.9868491490379,185.465693441719,1.7168233279861,183.491780243216,-97.4991051116776,-95.4590617999238,104.642923311934,171.955370304527,0.916568121541333,136.44965363569,38638,125,25,4037,120,0
229409624,h229,Survivor,2209012.26963403,6.47413102999674,7.65437433074712E-05,11.6458955949498,2.06103252292614E-09,4.28219175149114,-1,-1,-65.0911611659207,115.62271160145,2235245.81514806,5.18118988875838,8.09751448625608,0.639421972916677,98.2977354193517,-24.7727040171576,140.729306808193,-110.122528332879,180.403425426076,2.2273917448172,142.893053221758,-15.2936522571654,110.306096283162,-194.62480655437,224.232348252698,2.6218770089203,111.3612620106,61676,958,1568,37041,973,0
229409645,h229,Survivor,3023045.08287461,7.76707217123547,9.66524241216134E-05,13.5853073068072,5.75257917560553E-09,4.21148403282967,-1,-1,-119.821737013533,118.361936191749,3155168.3593772,9.70648388309237,9.55549660930687,0.365863399990019,67.8892117092343,152.002024436481,144.794833530641,-33.4892711326793,212.583373129115,1.72899007049971,209.928938571971,39.5008704729553,-69.710932286318,-75.5664093895975,110.137255623994,2.32692641682183,80.1244834513697,77091,1308,2558,19396,1379,0
229409646,h229,Survivor,286863.921850063,13.2620720214977,6.24837072125199E-06,13.2620720214977,1,13.2620720214977,-1,-1,-6.97004134889039,217.224172281988,286863.921850063,13.2620720214977,13.3089177150208,0.535189122934876,112.896133232363,-70.608008228417,-88.2766354299783,0.389390213080333,113.04161540583,1.5673516574866,113.040944744906,-25.3996156076464,-82.8883324873786,-100.621299672781,132.816648366814,2.43041778571438,86.6926532963113,20703,127,0,20403,127,0
229409648,h229,Survivor,210470.156631397,6.47413102999674,7.29293081099359E-06,4.53471931813924,6.14693964067165E-09,2.59530760628071,-1,-1,-103.720394155316,150.16879581413,232991.970583031,1.94883703560478,12.7759240803577,0.61903195711124,114.060389022074,139.980161682146,86.019916756135,-1.50213585176971,164.304985181245,1.57993881736726,164.298118501986,152.67743735341,-75.9676055907221,-17.2832589176396,171.406499336537,1.67179996748176,170.53292050508,32526,93,26,20082,93,0
229409667,h229,Survivor,1245710.51464919,9.06001331247323,3.50624603006564E-05,12.6156014508785,1.83244028906567E-09,4.53471931813924,-1,-1,-116.701564209659,42.5492891952248,1252433.24189019,9.70648388309237,10.1936790957153,0.048833430546,9.43551995681789,-32.2235560130684,231.592981929871,-56.069344994874,240.452569729356,1.80614550979364,233.824008265398,-21.7534826995179,-60.1461277027083,-81.0538944381224,103.249719083274,2.47353724612914,63.9591329458798,49842,549,486,13211,552,0
229409689,h229,Survivor,6848.71060734278,4.53471931813924,3.03177303177303E-07,3.28891665600861,1.01373217323452E-08,2.91854289159139,-1,-1,-23.7894645686943,122.24942648346,8264.88834076228,1.30236646492888,9.42685112786121,0.442604493896819,81.16204918167,8.42349597336033,-66.2555383298277,137.637853809196,152.986700222568,0.451778663210377,66.7888586800859,10.9517653563416,169.650892725836,-137.434934502562,218.60861782834,2.2506513842103,170.004019267468,15129,3,0,9164,3,0
229409691,h229,Survivor,1058009.53038101,8.41354274185525,3.2606716040719E-05,7.44383688592572,3.34713641267134E-09,3.8882487475201,-1,-1,-198.545582333085,106.371319142033,1127005.58485746,4.21148403282967,9.45240230060699,0.249971513117023,45.9900478852878,168.785278345717,149.490280706032,9.86407473210784,225.68365953726,1.52707487132441,225.46798932844,-138.93170387538,-61.7340891690437,32.7493671534394,155.51732108096,1.35862461698727,152.029984237478,26516,467,58,8607,466,0
229013922,h229,Zombie,1363697.08850588,0.477443080486751,0.520504503385946,0.332660608930801,0.291599965920964,3.56501346221053,0.477443080486751,0.477443080486751,-52.4151536113205,2.90438838685071,1409475.33700686,0.332660608930801,13.8007974970136,2.5141668648983E-53,5.38971884214603E-51,0.650288010117038,-3.43718406130483,-0.061691381501532,3.49870184410469,1.58842988959779,3.49815791058524,0.650288010117038,-3.43718406130483,-0.061691381501532,3.49870184410469,1.58842988959779,3.49815791058524,10176,84,1279,10176,84,1279
22901396,h229,Zombie,1205448.69757379,0.477443080486751,0.460103259716812,0.332660608930801,0.291599965920964,3.56501346221053,0.477443080486751,0.477443080486751,-53.7760429938733,17.4430071926,1205448.69757379,0.477443080486751,13.2602702640471,2.556021913121E-38,5.38443394436179E-36,-8.24886787181777,3.70172444443915,-3.23798175479533,9.60370297716736,1.91469465356343,9.04138180972719,-8.24886787181777,3.70172444443915,-3.23798175479533,9.60370297716736,1.91469465356343,9.04138180972719,26921,400,5219,26921,400,5219
2290192184,h229,Zombie,6049.88525370785,0.642427757376214,0.000548156062337,0.642427757376214,0.291599965920964,3.56501346221053,0.655895894265129,0.655895894265129,-48.6873668717297,27.7380588199246,6049.88525370785,0.642427757376214,13.5807578692605,1.74910496327018E-36,3.72354381859161E-34,-3.98083745025451,-6.38245554032528,6.02513408877894,9.6376888472986,0.895454956819852,7.52215431439543,-3.57162766483452,-5.93725156049413,5.76807976759892,9.01544366485562,0.8765584797616,6.92874305114581,2911,2,891,2516,2,676
2290192210,h229,Zombie,15371.6649292919,0.642427757376214,0.001392765476673,0.642427757376214,0.291599965920964,3.56501346221053,0.655895894265129,0.655895894265129,-52.8672390387617,74.0607968929475,15371.6649292919,0.642427757376214,13.8007974970136,3.56848345961516E-51,7.6498989819247E-49,-1.81921475462468,-0.429356089332941,4.09183055995663,4.49855157870691,0.428503808731622,1.86919473969178,-0.886439785319908,0.196310947600978,3.77661211774875,3.88421324969069,0.235928057042734,0.907917111385174,2175,5,891,2044,5,745
229019233,h229,Zombie,2372275.59822574,0.642427757376214,0.214942465215095,0.332660608930801,0.291599965920964,3.56501346221053,0.655895894265129,0.655895894265129,-5.32648403701599,27.2641645352175,2372275.59822574,0.642427757376214,13.8007974970136,1.78424172980758E-51,3.82494949096235E-49,3.29620700532814,0.546217052112297,1.06999220409534,3.50830685756212,1.26087028470365,3.34115753744007,2.66457455270893,0.896412746259102,0.984161256201787,2.97860483058905,1.23405823342091,2.81131879348461,18122,816,8057,12792,823,6108
229019294,h229,Zombie,6209.13663217186,0.642427757376214,0.00056258519692,0.642427757376214,0.291599965920964,3.56501346221053,0.655895894265129,0.655895894265129,-62.2346406323415,34.7621231423414,6209.13663217186,0.642427757376214,13.8007974970136,3.19174863691325E-51,6.84227765783602E-49,-3.97545197693944,-2.91581973921984,7.18259353794383,8.71182375303175,0.601540201198563,4.93013419417522,-4.00343374149543,-2.9496340879009,6.17514807996895,7.92844731234277,0.677950656234399,4.97270781114787,3662,2,1885,4266,2,2193
229022512,h229,Zombie,4054034.94237873,0.767008023597682,0.07693851066922,0.332660608930801,0.291599965920964,3.56501346221053,0.767008023597682,0.767008023597682,-39.8888019826801,53.4640596698991,4054034.94237873,0.767008023597682,13.8007974970136,1.27685529235572E-50,2.73724513833408E-48,4.72465295934853,8.22120159879023,-0.817663136898773,9.51730394175131,1.65681568405544,9.48211481233126,4.72465295934853,8.22120159879023,-0.817663136898773,9.51730394175131,1.65681568405544,9.48211481233126,53437,1328,15126,53437,1328,15126
22902252,h229,Zombie,8511230.21093408,0.767008023597682,0.161528300988917,0.332660608930801,0.291599965920964,3.56501346221053,0.767008023597682,0.767008023597682,-82.8080531325807,3.89823503546063,8511230.21093408,0.767008023597682,13.8007974970136,2.85478676769213E-50,6.11991918553976E-48,-9.66484661624099,-8.79835620951917,21.8763662895176,25.4832441839376,0.538535323565,13.0698252515116,-9.66484661624099,-8.79835620951917,21.8763662895176,25.4832441839376,0.538535323565,13.0698252515116,175570,2508,34087,175570,2508,34087
229022587,h229,Zombie,3216.35737576733,0.642427757376214,0.00029142136094,0.642427757376214,0.291599965920964,3.56501346221053,0.767008023597682,0.767008023597682,-76.8862497514754,28.2619532083993,56772.2117005594,0.767008023597682,13.8007974970136,2.55464538210156E-50,5.47649423876689E-48,0.77921168230705,3.77949395794667,-8.97038174220234,9.76521858561477,2.73533294654775,3.85898243375105,0.272510412646625,-2.50972228617184,4.10387887068282,4.81817285534105,0.551479966149118,2.52447378253537,6407,1,2123,7027,19,1476
229027510,h229,Zombie,16791569.9812422,0.935359734707628,0.145882152067167,0.332660608930801,0.291599965920964,3.56501346221053,0.935359734707628,0.935359734707628,-115.441050984688,42.9222209065495,16791569.9812422,0.935359734707628,13.8007974970136,2.04271912762448E-49,4.37905770101505E-47,-2.74078886181542,-4.94469405252312,4.9588728172439,7.52012915286097,0.850758311496927,5.65348767205775,-2.74078886181542,-4.94469405252312,4.9588728172439,7.52012915286097,0.850758311496927,5.65348767205775,80042,5445,25651,80042,5445,25651
229027535,h229,Zombie,4054034.94237873,0.767008023597682,0.07693851066922,0.332660608930801,0.291599965920964,3.56501346221053,0.935359734707628,0.935359734707628,-39.8888019826801,53.4640596698991,6859214.86865684,0.935359734707628,13.8007974970136,2.5533989095306E-50,5.47382212626882E-48,4.72465295934853,8.22120159879023,-0.817663136898773,9.51730394175131,1.65681568405544,9.48211481233126,0.469197096200787,-4.59853767231107,0.551019699099925,4.65513881077069,1.45215011129891,4.62241220995568,53437,1328,15126,19857,2327,7176
229028818,h229,Zombie,3255446.78174122,0.935359734707628,0.028282738480741,0.935359734707628,0.291599965920964,3.56501346221053,0.979131179596316,0.979131179596316,-81.4280468548317,47.3600177935708,3585341.57948792,0.979131179596316,13.8007974970136,4.08543825524896E-49,8.75811540203011E-47,15.5407650916823,15.7093426936735,-6.32807254632189,22.9857201247565,1.84970277087961,22.0974846419705,13.1496979491053,17.1777973904923,-6.20796332608688,22.5062233171083,1.85025273711511,21.6331060955543,45271,1073,26335,45631,1215,26369
229028831,h229,Zombie,56920.0845920903,0.767008023597682,0.001080243904635,0.767008023597682,0.291599965920964,3.56501346221053,0.979131179596316,0.979131179596316,-80.9228918692594,46.747304430482,6651549.01094916,0.979131179596316,13.8007974970136,1.02135956381224E-49,2.18952885050753E-47,-9.00546774396253,-8.5917272923748,3.42444255552755,12.909029164511,1.30230720961666,12.4465347448231,0.306374445749952,5.8409343530343,-4.46249258178159,7.35691643692658,2.22253680804393,5.84896396103317,8425,44,3609,27169,2310,10352
229028858,h229,Zombie,1181892.04445915,0.979131179596316,0.00729568614983,0.767008023597682,0.291599965920964,3.56501346221053,0.979131179596316,0.979131179596316,-121.768777080284,50.9893628943545,1181892.04445915,0.979131179596316,13.8007974970136,4.08543825524896E-49,8.75811540203011E-47,0.976538238315698,-5.60940767069224,19.0385830594578,19.8717569997921,0.290598863680193,5.69377566706958,0.976538238315698,-5.60940767069224,19.0385830594578,19.8717569997921,0.290598863680193,5.69377566706958,12668,408,5761,12668,408,5761
22902887,h229,Zombie,5708232.46023218,0.979131179596316,0.035236274493399,0.935359734707628,0.291599965920964,3.56501346221053,0.979131179596316,0.979131179596316,-122.215422174199,37.4963195898257,5708232.46023218,0.979131179596316,13.8007974970136,4.33326164160821E-49,9.28938418678475E-47,-2.55526161897114,-5.73751737381053,17.2352754477092,18.3440232041549,0.349458972938649,6.28080150587206,-2.55526161897114,-5.73751737381053,17.2352754477092,18.3440232041549,0.349458972938649,6.28080150587206,122061,1901,37502,122061,1901,37502
22902888,h229,Zombie,6854403.23928072,0.935359734707628,0.059549827490786,0.642427757376214,0.291599965920964,3.56501346221053,0.979131179596316,0.979131179596316,-71.9764214330046,32.8222494308132,8162420.96587927,0.979131179596316,13.8007974970136,2.2838294141537E-49,4.89593534843181E-47,-12.7171202540212,-9.24176969268592,-15.7812667482272,22.2751842817649,2.35812213290803,15.7205424400014,-10.2307657201022,-6.45544521827924,-13.8648369694183,18.4004088099795,2.4241765618022,12.0971624848897,99103,2278,33285,93047,2701,33823
229034713,h229,Zombie,14286608.6202629,1.17778619870705,0.023486604039288,0.767008023597682,0.291599965920964,3.56501346221053,1.17778619870705,1.17778619870705,-127.71078644699,33.2438374002073,14286608.6202629,1.17778619870705,13.8007974970136,3.36893869066612E-48,7.2221269767838E-46,-20.903345366235,-3.34795427258541,-14.7310129054658,25.7907228772755,2.17873279833002,21.169757800018,-20.903345366235,-3.34795427258541,-14.7310129054658,25.7907228772755,2.17873279833002,21.169757800018,76999,5011,30669,76999,5011,30669
229034741,h229,Zombie,5708232.46023218,0.979131179596316,0.035236274493399,0.935359734707628,0.291599965920964,3.56501346221053,1.17778619870705,1.17778619870705,-122.215422174199,37.4963195898257,8964133.29713987,1.17778619870705,13.8007974970136,2.45126295314938E-48,5.25486924121806E-46,-2.55526161897114,-5.73751737381053,17.2352754477092,18.3440232041549,0.349458972938649,6.28080150587206,1.9712521767342,5.22203045175002,-4.86965566005983,7.40736008513401,2.288169736354,5.58170558013263,122061,1901,37502,17757,3160,10112
229034785,h229,Zombie,6854403.23928072,0.935359734707628,0.059549827490786,0.642427757376214,0.291599965920964,3.56501346221053,1.17778619870705,1.17778619870705,-71.9764214330046,32.8222494308132,11396920.2174774,1.17778619870705,13.8007974970136,4.00289564040253E-48,8.58116553735365E-46,-12.7171202540212,-9.24176969268592,-15.7812667482272,22.2751842817649,2.35812213290803,15.7205424400014,3.20651655212623,7.87722556136396,3.50830754028448,9.20003547497955,1.17955492494701,8.50484749679059,99103,2278,33285,9737,4061,113
229038413,h229,Zombie,7518475.86261315,1.17778619870705,0.012360068806931,0.642427757376214,0.291599965920964,3.56501346221053,1.30236646492888,1.30236646492888,-140.682687850011,87.5070102294457,11049059.7444123,1.30236646492888,13.8007974970136,9.24429150209752E-48,1.98173529318075E-45,14.7170437725972,5.59399209277854,5.92385856005876,16.8218971931882,1.21092732163004,15.7443362812985,-6.23511180354217,-5.96794690834486,-5.90773205495043,10.4591733677467,2.17103249710374,8.63093329272644,102355,2580,32674,59429,3833,22430
229057615,h229,Zombie,7524642.88054592,1.54479292893224,0.004497083839611,0.248484753374987,7.12577777323702E-12,1.94883703560478,1.94883703560478,1.94883703560478,-98.5117600011615,67.4296503140389,9827990.19372304,1.94883703560478,13.8007974970136,1.02474128394305E-45,2.19677837756253E-43,35.0458962917464,25.9112668841117,-11.8827894188917,45.1753171854414,1.83696525268243,43.5844995202596,-15.9299716990381,-9.39392229970963,-6.18978327734294,19.5018766154853,1.893776703518,18.4935062793711,102379,2602,22785,83726,3575,12802
229057632,h229,Zombie,1431859.57901999,1.54479292893224,0.0008557472661,0.979131179596316,0.291599965920964,3.56501346221053,1.94883703560478,1.94883703560478,-130.278703669019,73.7686543887036,3636263.52756139,1.94883703560478,13.8007974970136,1.04587219334373E-46,2.24207754291971E-44,31.753377527777,-2.4896504002545,7.01865757150335,32.6149796511211,1.35390240478396,31.8508295580668,-22.9900681242598,-3.46477002247593,11.3323829257706,25.8644691892768,1.11726252912248,23.2496852380146,63475,499,19827,30804,1301,17023
229067219,h229,Zombie,765076.178574254,2.15422612316335,0.000186100872363,1.62560175026675,0.999875155990802,2.59530760628071,2.27207232094287,2.27207232094287,-162.605064964802,84.6200463707777,840008.834928848,2.27207232094287,13.5971989059309,2.60618888807384E-30,5.55114071156497E-28,-11.379285311983,1.72396793283133,-38.5524554516533,40.2337174642942,2.85148333799716,11.5091354864275,-2.96677669901419,-7.78820497032939,-18.1387548507028,19.9617716692575,2.71089476313679,8.33414066606012,61586,283,16156,55346,315,15026
22911062,h229,Zombie,2749642880.16923,3.56501346221053,0.181934971817534,-1,3.56283213124781E-11,3.56501346221053,3.73336517330927,3.73336517330927,-86.3991969283443,61.0868404006721,2977822543.68186,3.73336517330927,13.8007974970136,1.24074780238124E-39,2.65984008548134E-37,-48.1562240633994,-40.7140935119087,21.9494433370746,66.771531279043,1.23584354470445,63.0607590070146,-18.0573599425734,-22.7309632561082,25.2995098205829,38.5075334942134,0.853961780307114,29.0304140281567,2585805,1054406,728703,1649795,1145963,624709
22912696,h229,Zombie,5945743.97395737,3.8882487475201,0.000337980091376,-1,8.55504138370262E-09,3.8882487475201,4.28219175149114,4.28219175149114,25.8941162238919,259.031173500379,68105564.1947298,4.28219175149114,13.8007974970136,1.40374589568973E-38,3.00926553810506E-36,21.526371382135,-0.679758151896749,17.6959363286205,27.8745923481091,0.882993506995834,21.5371013840459,-18.7080773318867,18.6155725344397,-40.2114087040518,48.0987431042136,2.56078154674162,26.391886977646,2296,2046,23455,122039,26226,94097
229249610,h229,Zombie,31455722.0839609,3.73336517330927,0.001910870137997,-1,1.22897964965608E-09,5.18118988875838,8.41354274185525,8.41354274185525,-41.3313569001219,198.374569531467,36445788.3635646,8.41354274185525,13.8007974970136,1.08019180198262E-27,2.31564984391476E-25,-51.3777854884793,-93.5291245072931,59.0945291959506,121.981709094815,1.06505737623729,106.711639350171,-29.5859667124496,0.91303152897126,-52.9056282982929,60.6231684962127,2.63149436665268,29.6000515689259,190734,12701,27063,131712,15866,6814
22927842,h229,Zombie,1766769314.42631,8.60883072672862,0.053858247220352,-1,1.49371173008471E-09,8.41354274185525,9.38324859778279,9.38324859778279,-112.826891297325,44.0010283991367,1979958380.50235,9.38324859778279,13.8007974970136,1.38049017318288E-25,2.95941132694158E-23,136.050100421173,171.814507041427,-38.8812128194113,222.579431585239,1.74638182384462,219.157146026543,35.8404526431332,81.5619840403251,-32.521407664186,94.8395341759917,1.92080911545822,89.089254606035,4312310,730301,827179,2296295,820694,702053
242409610,h242,Survivor,360592993.166349,11.3226603097952,0.009154060410247,11.3226603097952,1,11.3226603097952,-1,-1,118.331831557453,166.995504551047,365670956.393851,13.8007974971686,13.8007974971686,0.355577269309343,75.7542859402774,-48.8250038937622,29.5544428237881,58.0359924088043,81.3973126750831,0.777033880563117,57.073164410697,-1.86642990857581,-66.5551264343412,-36.1336882012692,75.7542859402774,2.06801790601929,66.5812917815115,358022,155967,33863,209099,160009,23952
2424096102,h242,Survivor,167124.830589615,13.5853073069622,4.0725101272742E-06,13.5853073069622,1,13.5853073069622,-1,-1,192.131552505061,61.1537270490926,167124.830589615,13.5853073069622,13.5853073069622,0.571673415248235,121.152663756168,-18.5856645087624,29.9186697828045,-115.919861147304,121.152663756168,2.84661346169022,35.2214952380613,-38.0862913916062,44.5076963657521,-150.650981482751,161.639162486907,2.77074449969357,58.5790118365983,18631,74,0,15131,74,0
2424096131,h242,Survivor,36127.272052751,11.6458955951048,9.12019667520363E-07,10.3529544538665,1.74952827338013E-08,8.73677802731867,-1,-1,-114.764330270386,85.1584928095243,43573.5734747224,2.27207232094312,13.5548576061672,0.477033854296805,101.028330776701,247.396212508193,152.875660441441,66.0041383218704,298.215358079389,1.34761778490288,290.819279826503,-54.0560218078208,-95.4419373830897,15.4290612801415,110.766749691013,1.43104864918898,109.686903981857,12964,16,0,11822,16,0
242409621,h242,Survivor,5590001.91643528,7.03979277944361,0.000182644624439,-1,1.79344011450989E-09,8.60883072688363,-1,-1,-51.1589294857364,161.429336348365,6315378.76418515,10.7670996631694,8.89922898267027,1.02239467241986,173.762228580219,-11.8593759088217,-212.853240401811,-44.4487940543604,217.767862733198,1.77635172599442,213.183364141056,124.279925195719,-25.1960401987635,180.107506744182,220.270411617077,0.613452248176602,126.808281465964,127967,2104,7605,95581,2467,11
242409627,h242,Survivor,13622807.0746418,4.85795460359294,0.00082515906572,12.6156014510335,3.1202145554091E-09,11.3226603097952,-1,-1,-104.091147937969,133.86675099126,13906625.438405,3.24177817694266,13.395402072439,0.413264602513871,83.2658607102065,27.4087331825322,43.2676793472347,130.306157076015,140.010804235549,0.374511484009774,51.2184608394898,-3.33585429623781,82.2777909753531,56.4846489079137,99.8562886047739,0.96956366225892,82.3453873126457,181113,4359,2474,73623,4359,0
24240964,h242,Survivor,378336384.761501,13.8007974971686,0.009182842639761,13.8007974971686,1,13.8007974971686,-1,-1,29.3348269265474,128.65887971372,378336384.761501,13.8007974971686,13.8007974971686,0.497410626347157,105.971303765353,-75.4233471526204,64.5794396198689,-37.0233967162349,105.971303765353,1.92769701421451,99.2934303834901,-75.4233471526204,64.5794396198689,-37.0233967162349,105.971303765353,1.92769701421451,99.2934303834901,323422,163865,51219,323422,163865,51219
2424096418,h242,Survivor,469974.20507685,3.88824874759706,5.30045247485402E-05,12.150950728401,4.17839820500411E-09,10.9994250244857,-1,-1,-95.942725645502,162.821936776689,493143.894758565,2.59530760628127,13.1406786139014,0.270814210962338,56.7886260353823,-113.802734892422,-22.852378375017,-35.0511214632388,121.251287754896,1.86406026368974,116.074517730594,-62.5797758875924,-65.749080614798,-91.8957321888847,129.166541899842,2.36235790741689,90.769873591586,4115,199,0,3019,199,0
242409648,h242,Survivor,10955605.703431,8.41354274201026,0.00031158988711,-1,1.55357065205472E-09,12.150950728401,-1,-1,-123.770992677047,80.0602721188127,11661695.3720197,12.9388367363431,13.1033371908906,0.141245996271958,29.5870305477315,4.3104049453832,-119.745603242634,185.564699815004,220.888765907568,0.57336176199522,119.82315755619,60.3777806256403,1.75335192865896,-103.428325468154,119.774659863471,2.61301307027083,60.4032336573439,234974,4706,8669,33119,4951,902
242409671,h242,Survivor,284599.067571895,10.3529544538665,7.34597919101029E-06,13.2620720216526,3.23719335491982E-09,12.6156014510335,-1,-1,-77.6371885038753,108.141246345757,315673.383316014,3.24177817694266,12.492721593384,0.630220095454754,129.628696914445,-211.07764163438,149.402358360196,77.6922456670036,270.020222424732,1.27894317144288,258.601692727484,166.788669787409,-119.897758671912,-4.18772389059086,205.454301330941,1.59118048953685,205.411618230327,32773,126,22,25562,126,0
242022521,h242,Zombie,1263784.62105216,0.7670080235986,0.223203021953689,-1,1.38453703814676E-07,0.642427757376239,0.7670080235986,0.7670080235986,-50.8570628459687,19.5098989920807,1263784.62105216,0.7670080235986,13.8007974971686,1.32419497640427E-50,2.82114335030617E-48,9.02331194950011,-1.77601027341734,-8.73074622683498,12.6807058441819,2.33022377872721,9.19643251643133,9.02331194950011,-1.77601027341734,-8.73074622683498,12.6807058441819,2.33022377872721,9.19643251643133,39267,390,7681,39267,390,7681
2420225497,h242,Zombie,8661.33949358346,0.642427757376239,0.001565662876421,0.7670080235986,7.61128904269614E-09,0.642427757376239,0.7670080235986,0.7670080235986,-47.8129208581036,14.6403005097818,8661.33949358346,0.642427757376239,13.8007974971686,3.21164456272182E-51,6.84227765783602E-49,4.71251522057628,0.550006943537028,-5.1222671703772,6.98197166327865,2.3944623218682,4.74450285510527,-2.07391049709622,-0.938499229362606,1.80391092014634,2.90447588409739,0.900676801897628,2.27637552997745,1251,3,389,1087,3,0
242034732,h242,Zombie,2218154.36544866,0.935359734709718,0.286279431830109,-1,5.6100622443441E-09,0.332660608930863,1.1777861987084,1.1777861987084,-83.8576090054803,21.500583989371,2257955.35041479,1.1777861987084,13.8007974971686,2.05545252014196E-49,4.37905770101505E-47,-5.38162831414911,10.8726560498935,-4.10669892844862,12.8078705872545,1.89720003546237,12.1316352109243,1.28523740569563,-7.48275285122054,5.83936091819487,9.57818152648977,0.915174385966199,7.59232674622532,63708,196,5523,35761,209,3967
242034747,h242,Zombie,1674968.84748416,1.1777861987084,0.076891990268609,-1,5.08787533147139E-08,0.979131179598373,1.1777861987084,1.1777861987084,-107.594082953584,57.5598246468604,1674968.84748416,1.1777861987084,13.8007974971686,1.64436201611357E-48,3.50324616081204E-46,-0.442940937386993,1.71683113764539,-6.30486069990093,6.54942549193112,2.86745345328839,1.77304986652999,-0.442940937386993,1.71683113764539,-6.30486069990093,6.54942549193112,2.86745345328839,1.77304986652999,15802,563,8620,15802,563,8620
242048015,h242,Zombie,33434521.6072474,1.62560175026731,0.304654192910955,-1,2.17737773755639E-08,0.248484753375047,1.62560175026731,1.62560175026731,-99.0691240613096,88.4824059218828,33434521.6072474,1.62560175026731,13.8007974971686,1.17706920267034E-46,2.50769789429397E-44,-17.9185767314184,-16.6196333046919,9.24639482228031,26.1301247695384,1.20910185868885,24.4394681460574,-17.9185767314184,-16.6196333046919,9.24639482228031,26.1301247695384,1.20910185868885,24.4394681460574,115790,10607,39922,115790,10607,39922
242048023,h242,Zombie,1293948.79338049,1.54479292893316,0.014023076301622,-1,1.18800716787076E-08,0.477443080486787,1.62560175026731,1.62560175026731,-73.5423631822949,51.5036204316107,1417648.33000348,1.62560175026731,13.8007974971686,9.1139793854243E-47,1.94169610942306E-44,15.8078742209445,1.98877903490666,-27.2834376578021,31.5947796299018,2.61304939174087,15.9324866055141,13.8141083630271,4.92756622497382,-20.5013076177047,25.2074217801566,2.52060538553804,14.666645791283,57111,346,15183,68467,386,21885
242048046,h242,Zombie,2134066.05939387,1.54479292893316,0.023127786305515,-1,1.39233920573706E-07,0.935359734709718,1.62560175026731,1.62560175026731,-83.200790370678,59.4104711451987,2325887.42487427,1.62560175026731,13.8007974971686,5.88304839623767E-47,1.25335944919854E-44,9.95945871659842,3.17320120911427,-12.6845013334087,16.4364411573308,2.45235397604605,10.4527519745353,7.55516310935491,-1.74625414999809,-5.49742730980779,9.50534587439949,2.18750233854827,7.75434672718102,31258,801,15419,21521,875,10394
24204805,h242,Zombie,79065236.0638307,1.54479292893316,0.856863767562446,-1,4.33745577777285E-08,0.7670080235986,1.62560175026731,1.62560175026731,-72.2501821313604,39.7495368776197,89011754.9868331,1.62560175026731,13.8007974971686,1.08478052467038E-46,2.31108063257082E-44,-28.2853427725649,-7.7645001512974,8.75294688072972,30.6098375928045,1.28079647302003,29.3316906836444,-24.2620002387002,-5.91898202252196,6.83195120749951,25.8912062497537,1.30376256706484,24.9735661002915,517188,27825,113367,399596,31245,95196
242063745,h242,Zombie,933754.284449794,1.94883703560511,0.002275875397044,-1,6.05549693638612E-08,1.62560175026731,2.1542261231636,2.1542261231636,-99.2697919715326,63.6116223808875,1169110.73036991,2.1542261231636,13.8007974971686,6.73530681800118E-45,1.43492962746861E-42,31.0885146845876,6.38730499959092,-24.4634334479888,40.0718478051087,2.2274745272987,31.7378860425772,17.1939673796987,-3.61708884420295,-5.6091962410901,18.4439401547517,1.87981229690483,17.5703114929987,20731,334,13787,21181,433,10496
24206726,h242,Zombie,92863091.5705643,2.1542261231636,0.152690537238292,-1,2.90735613979718E-08,0.477443080486787,2.27207232094312,2.27207232094312,-93.5535239247211,55.3556488650133,110676963.370662,2.27207232094312,13.8007974971686,1.6838267045003E-45,3.58732406867153E-43,-17.9686837074469,-25.9547956284378,40.5520799863425,51.3906236731075,0.661462150492773,31.5677843741406,-11.3702657922049,-14.0545774166267,35.2600740973276,39.6243222767831,0.473759510260971,18.0780001810305,406174,34235,127159,363848,40492,126845
242077612,h242,Zombie,15036612.8780871,2.1542261231636,0.02472401531942,2.6222438800594,7.81998370271584E-09,0.935359734709718,2.6222438800594,2.6222438800594,-71.6349105399825,101.428028137831,29736682.7775572,2.59530760628127,13.8007974971686,1.20484831154948E-43,2.56688015195861E-41,18.5988251464232,8.22502089869613,-56.2016836551365,59.7678551671654,2.79440384617906,20.3363533016914,-0.941060762986126,34.711657225962,-11.5418209279023,36.5923266965094,1.89169177612612,34.7244113374483,221374,5484,53729,212965,10827,52054
242077636,h242,Zombie,3100824.05519818,2.59530760628127,0.001978436552789,-1,7.19492426991298E-09,1.1777861987084,2.6222438800594,2.6222438800594,-113.102634355005,69.1882136057736,3130330.86407652,2.27207232094312,13.8007974971686,4.8193932461979E-43,1.02675206078345E-40,13.720741522965,-34.0929831830772,35.9092066198064,51.3815275203603,0.796974521374085,36.7503775526402,14.4158382963969,-31.3691493999695,34.3525580492033,48.7025479044921,0.787873297748275,34.5230347429868,33487,1234,5430,33332,1234,5634
242096011,h242,Zombie,70705199.4463914,2.6222438800594,0.043219910686915,-1,1.06173266579898E-08,0.477443080486787,3.24177817694266,3.24177817694266,-107.345255582473,47.0333818041361,91727953.6543669,3.24177817694266,13.8007974971686,7.80301291418521E-41,1.66240005342584E-38,56.4569787949931,52.7477384587728,3.87682111547019,77.3611278946653,1.52066203159443,77.2639266875131,-16.5402150728423,-19.163206168254,13.8473949087456,28.8540730411088,1.07024275228452,25.3141696546201,289424,27491,51282,199678,35742,57135
242097419,h242,Zombie,15036612.8780871,2.1542261231636,0.02472401531942,3.24177817694266,7.81998370271584E-09,0.935359734709718,3.28891665605407,3.28891665605407,-71.6349105399825,101.428028137831,33908500.9855091,3.24177817694266,13.8007974971686,6.20725876346989E-41,1.32243114467507E-38,18.5988251464232,8.22502089869613,-56.2016836551365,59.7678551671654,2.79440384617906,20.3363533016914,2.10500460635922,-31.9386433588061,-5.74411514334679,32.519268792115,1.74836528199352,32.0079362657732,221374,5484,53729,74118,13174,2918
24209745,h242,Zombie,226502370.173774,3.24177817694266,0.05298061010329,-1,6.99621966322726E-09,0.979131179598373,3.28891665605407,3.28891665605407,-131.343294476606,72.5720338424633,227400315.092557,3.28891665605407,13.8007974971686,1.23569092461339E-40,2.63258908025223E-38,-31.0310498374711,-23.3672778418113,52.1149871388516,64.9994431686509,0.640535405138344,38.8452793496458,-27.0485598935138,-16.206880028587,47.4242091216111,56.9503570084009,0.586778074005437,31.5323255180143,608996,87500,108415,578249,88182,99915
242110615,h242,Zombie,97915302.4154906,3.56501346227067,0.017728192983963,-1,2.76984400103083E-10,3.7333651733781,3.7333651733781,3.7333651733781,-13.0321634119717,64.2974557568467,97915302.4154906,3.56501346227067,13.8007974971686,1.82079590395117E-39,3.87913135771355E-37,-7.93130408330944,-18.053964660714,40.3982629238308,44.9540973849458,0.454100736638323,19.7193109522678,-2.07484028669933,-9.94022412096456,33.247055665679,34.7631950232868,0.296425738581023,10.1544580254348,161572,38839,30694,119622,38738,20632
24211069,h242,Zombie,59692599.6541531,2.59530760628127,0.038086011648672,-1,7.69210281600857E-08,0.7670080235986,3.7333651733781,3.7333651733781,-118.106619888356,65.0824626035869,102162412.457765,3.7333651733781,13.8007974971686,1.87272309940445E-39,3.98976012822201E-37,-58.5715873753643,-15.235062651258,34.8667300609768,69.8457360674416,1.04812538448635,60.5205583389454,-3.15806459734631,35.1148535673437,-6.19559470923741,35.796811406299,1.74474900845213,35.256578294795,392755,22228,102509,176219,40164,66028
24212487,h242,Zombie,248416292.357749,3.7333651733781,0.038731119740075,-1,3.13543418820095E-10,4.21148403292871,4.21148403292871,4.21148403292871,112.650888276496,65.6352951582952,249268154.065606,4.21148403292871,13.262072021648,5.96564286037686E-32,1.25507835801493E-29,14.6326319844829,2.34949603921632,-32.816558824703,36.0077850405547,2.71740648983837,14.8200556824732,13.9909109736363,-18.3956056341285,-31.9772146737178,39.4548622454524,2.51576040450691,23.1115533125447,394626,98130,49167,205257,100479,38086
24219202,h242,Zombie,858564104.269436,4.53471931825944,0.064566090430954,-1,6.58985545959928E-10,3.56501346227067,6.47413103015176,6.47413103015176,-95.062842491694,147.759256486351,2660349882.05689,6.47413103015176,13.8007974971686,7.40554816303127E-33,1.57772181044202E-30,-85.1154857681213,-63.7978343919494,49.0971447109605,117.155192840159,1.13836689959332,106.371093773853,-6.16557664098582,52.9685422873226,-13.9291219910701,55.1153449304445,1.82629378541242,53.326173755106,3019316,333510,738797,1519681,1046255,517625
24220162,h242,Zombie,1242843867.85186,3.7333651733781,0.193774467073461,-1,7.76723297259381E-10,5.18118988891308,6.79736631546138,6.79736631546138,-125.621871342568,122.613001106699,3697649075.29224,6.79736631546138,13.8007974971686,2.44270858334214E-31,5.20409093783455E-29,-83.3505774909154,19.4493751125447,-47.8758463428658,98.0698405391956,2.08080078510839,85.5897012515966,9.0124773396401,-79.9824811264407,12.2652648183011,81.4178036795517,1.41957464940925,80.4886453789537,1768829,476851,367922,1274731,1488517,414621
24231954,h242,Zombie,228538163.785867,5.18118988891308,0.012006330195531,-1,5.82191121502901E-10,7.44383688608072,10.7670996631694,10.7670996631694,-112.891203573265,121.176718291013,355332052.483698,10.7670996631694,13.8007974971686,1.79925227789781E-22,3.83323354170843E-20,110.591656482886,141.965313972509,-40.2287051279127,184.399060657071,1.7907261297646,179.957397333207,54.6214641997976,26.7828352865108,-38.7661735902111,72.1362657207907,2.13814974501185,60.8344032379224,774743,91707,133362,393232,153329,40718
24237444,h242,Zombie,205367796.409874,4.85795460359294,0.012439513977259,-1,1.49026555669399E-09,10.7670996631694,12.6156014510335,12.6156014510335,-148.075844048815,106.897853623124,363342398.853521,12.6156014510335,13.2602702641958,0.000363942172576,0.076564262603217,144.02503445482,66.497830094364,-41.8457528738654,164.061692635885,1.82870720109648,158.635342710794,41.1073114091087,-50.8452128815225,44.7805000757362,79.2485956423569,0.970285937878211,65.3838414614251,709878,83455,135439,362140,156864,62025
3294096116,h329,Survivor,506397.561759802,8.09030745676584,2.1340819777006E-05,4.21148403296702,8.21298191215027E-09,1.94883703560224,-1,-1,-44.2405753901808,61.4393016655116,561502.916613389,3.88824874762909,10.0747631046801,0.278917226079601,36.7243164746699,124.673483016944,108.298027176319,-128.075154597726,208.986088731021,2.23044665197517,165.14218134038,45.5789646404483,-44.0248076943863,-120.382826454559,136.042826401878,2.65705239298908,63.3689648820535,10899,223,0,6269,223,0
3294096119,h329,Survivor,1416516.58055867,11.969130880563,3.80169768664277E-05,8.60883072694915,1,8.60883072694915,-1,-1,-44.329401138201,39.1971388589584,1475408.21334527,8.60883072694915,8.60883072694915,0.29533159837653,45.6690595239724,62.0813784398779,134.246759721089,210.404002774718,257.188908058319,0.612712190970257,147.906355659948,60.7167234613698,5.11125085551612,95.9717282964848,113.680332623576,0.565679564855677,60.9314811340777,5691,627,0,5619,627,0
3294096154,h329,Survivor,21397.3836050346,3.56501346229116,5.57532671861674E-06,1.17778619870766,0.000271653812208,0.65589589426519,-1,-1,-104.357724778581,128.916586128543,25200.6038950046,1.54479292893147,9.15688029716826,0.442091569273549,62.8894877384971,-23.0214006613842,28.4755591966204,-96.1592954947118,102.895347173774,2.77774627665429,36.6175143882298,-43.790172025947,14.0612336777922,94.8030362102363,105.370361740306,0.451685833058303,45.9923630465266,16593,9,22,4729,9,0
329409631,h329,Survivor,119677.421081121,11.969130880563,3.21194528261735E-06,3.73336517340469,2.78385802892133E-08,1.54479292893147,-1,-1,-111.420223764861,71.6141455034432,129853.678364476,3.56501346229116,13.5548576063258,0.394999691499273,73.784428115267,-78.9581129525868,219.971556129894,-47.1941243640977,238.430607267051,1.77004866677896,233.713219795631,0.64786104004088,-87.5983511834165,-10.0162289498912,88.1715129526369,1.68464146365115,87.6007468802657,45112,53,331,33636,53,0
3294096490,h329,Survivor,4514.20291124819,13.8007974973305,1.09311942865395E-07,13.8007974973305,1,13.8007974973305,-1,-1,171.239465141801,97.5698830477414,4514.20291124819,13.8007974973305,13.8007974973305,0.354696059448374,66.7160814871946,-24.6489590271267,-34.455710776856,51.5389982706947,66.7160814871946,0.688008150222298,42.3646926845849,-24.6489590271267,-34.455710776856,51.5389982706947,66.7160814871946,0.688008150222298,42.3646926845849,1243,2,0,1243,2,0
32940967,h329,Survivor,12405532.6119112,12.6156014511917,0.000317786164658,-1,6.32231545907349E-09,1.30236646492901,-1,-1,-127.221075615382,28.5584124079957,12617989.7681666,13.8007974973305,13.8007974973305,0.344507176161178,64.7996170959373,118.037767824964,96.3881744917671,-207.95352146649,257.81439429417,2.50917647450722,152.392896208962,47.6156013424115,25.3092505985624,-35.9330866851124,64.7996170959373,2.15858985076011,53.9240545309817,150547,5410,16245,128870,5520,11074
3290192183,h329,Zombie,3065.50262941178,0.642427757376275,0.002155389629573,-1,2.17737343115308E-08,0.642427757376275,0.65589589426519,0.65589589426519,-76.1787203811457,12.3742862861344,3065.50262941178,0.642427757376275,13.8007974973305,1.13678032566627E-52,2.13821176807376E-50,0.531617001224276,-3.53791063173685,1.80412388568675,4.00678066146037,1.10373120623877,3.57762886199048,0.565623647415578,-2.5994345834356,1.31334470033062,2.9667936507218,1.11220935981052,2.66026131499834,1763,1,323,1637,1,218
329019269,h329,Zombie,5944.54445508473,0.65589589426519,0.003975093693212,-1,2.17737217298068E-08,0.65589589426519,0.65589589426519,0.65589589426519,-75.3544021291126,30.3577614419112,6043.88765934466,0.642427757376275,13.8007974973305,1.04484892738268E-50,1.96529463252233E-48,0.279465437316958,9.53666265112634,9.29022352272841,13.3166921025568,0.798701679262203,9.54075654505673,0.279465437316958,9.53666265112634,9.29022352272841,13.3166921025568,0.798701679262203,9.54075654505673,3928,2,1206,3928,2,1206
329019291,h329,Zombie,19406.6566624497,0.642427757376275,0.013645040168489,-1,2.17737171973771E-08,0.65589589426519,0.65589589426519,0.65589589426519,-62.7924706176627,25.789483006256,22385.3940934073,0.65589589426519,13.8007974973305,1.81884852106602E-51,3.42113882891801E-49,2.85267102583657,1.39161721664595,3.5491935487853,4.76141841325167,0.729651477677166,3.17400857896019,2.34494409924082,1.28051492662689,2.6118094192766,3.73631231945358,0.79675057814549,2.67179364956926,4653,6,1599,2215,7,1340
3290225115,h329,Zombie,32963.1852366711,0.767008023598658,0.002869340538117,0.767008023598658,2.17736931637987E-08,0.477443080486798,0.767008023598658,0.767008023598658,-88.6381231716021,70.5804145681782,35030.1527855678,0.642427757376275,13.8007974973305,1.09130911263961E-50,2.05268329735081E-48,-1.31202575038287,-2.32425245883906,-3.0011858302405,4.01630146399937,2.41471224784821,2.66900001163116,-1.31202575038287,-2.32425245883906,-3.0011858302405,4.01630146399937,2.41471224784821,2.66900001163116,2786,12,537,2786,12,537
329027510,h329,Zombie,2645467.71570483,0.935359734708944,0.038385663011948,-1,1.11344815818468E-08,0.935359734708944,0.935359734708944,0.935359734708944,-88.7930510225221,44.3835565284238,2645467.71570483,0.935359734708944,13.8007974973305,9.59910984877272E-49,1.80553174419595E-46,2.05441876868872,-2.8171006065545,-8.79240368125875,9.45849114810616,2.7640622606142,3.4866448492197,2.05441876868872,-2.8171006065545,-8.79240368125875,9.45849114810616,2.7640622606142,3.4866448492197,49942,870,14318,49942,870,14318
329038440,h329,Zombie,36127.6108998902,1.17778619870766,0.000236714829978,-1,9.63387126728927E-08,1.17778619870766,1.30236646492901,1.30236646492901,-93.9608712994252,32.5158678901987,1056267.85608571,1.30236646492901,13.8007974973305,2.67481325409967E-48,5.03115425925715E-46,2.24592120075613,-11.2720176586813,-19.2280042342363,22.4013100279747,2.60282738524276,11.4935870874862,1.62723693940461,-5.9798132258602,-4.30801202981456,7.54751839495356,2.17825818099667,6.19726280491117,14103,140,10008,11470,361,8586
329048010,h329,Zombie,7340310.03684104,1.62560175026523,0.020794152994344,-1,7.36067968354E-09,1.54479292893147,1.62560175026523,1.62560175026523,-101.373912303046,75.7900264175597,7340310.03684104,1.62560175026523,13.8007974973305,1.71188048262379E-46,3.21993872592458E-44,-2.21798792617847,25.2758525451527,22.8102553264971,34.1188502207352,0.838535186524859,25.3729815418877,-2.21798792617847,25.2758525451527,22.8102553264971,34.1188502207352,0.838535186524859,25.3729815418877,156702,1711,21510,156702,1711,21510
329048022,h329,Zombie,1500049.17730523,1.54479292893147,0.004730181389226,-1,5.19147982862885E-09,0.979131179597688,1.62560175026523,1.62560175026523,-110.535111461298,19.6633169693805,1568828.36961262,1.62560175026523,13.8007974973305,1.49000070845729E-47,2.80259692864963E-45,15.4933992493352,-17.0140667262658,16.1796216934872,28.1301269995265,0.957983659492307,23.0113860265984,11.2306910031939,-10.6671796114715,9.82040934616362,18.3400540075222,1.00574116927546,15.4892589000447,46819,419,5730,46482,445,6015
329048025,h329,Zombie,1427061.50352944,1.30236646492901,0.006922424505414,-1,3.37793639570903E-07,0.979131179597688,1.62560175026523,1.62560175026523,-86.0200601045459,42.0640185860827,2280251.49217174,1.54479292893147,13.8007974973305,2.38865284748376E-46,4.49290466505848E-44,-16.5518510297961,-12.7611551920127,6.50853486477536,21.8899949847685,1.26890219604921,20.9000204389181,6.45571564941383,13.6781289722867,-0.63899918955849,15.1385533223241,1.61301892745345,15.1250612140445,44385,486,17458,31860,836,8608
329048036,h329,Zombie,1035808.26582303,1.54479292893147,0.003266266903732,-1,4.84411352570123E-07,0.979131179597688,1.62560175026523,1.62560175026523,-96.6478078417221,38.093568215508,1035808.26582303,1.54479292893147,13.8007974973305,4.27970120655947E-47,8.04984681481145E-45,-23.3525507486183,-8.70674379049251,-2.48433793977802,25.0463759633823,1.67014921535852,24.9228612703292,-15.0757314409493,-4.42082289103746,-4.44021622589116,16.325957051463,1.84623884227438,15.7105491155958,21250,377,7428,17288,377,6800
32905762,h329,Zombie,49824151.1120139,1.94883703560224,0.074564298435288,-1,8.0115389080765E-09,0.248484753375019,1.94883703560224,1.94883703560224,-88.6891285338445,57.9832586175287,49824151.1120139,1.94883703560224,13.8007974973305,1.09248656512694E-45,2.05489801087803E-43,-10.9889547204093,-34.8282409268986,-15.9546750231748,39.8536716878686,1.98267475672072,36.5207268809001,-10.9889547204093,-34.8282409268986,-15.9546750231748,39.8536716878686,1.98267475672072,36.5207268809001,676430,17024,150726,676430,17024,150726
32905769,h329,Zombie,35403020.1775032,1.94883703560224,0.052982365040021,-1,1.1808023149124E-07,0.767008023598658,1.94883703560224,1.94883703560224,-91.7222155390099,76.0472331950046,35403020.1775032,1.94883703560224,13.8007974973305,1.06615771860267E-45,2.00537511871767E-43,-4.01960024466371,10.0851520796869,14.123620352173,17.8141553392135,0.655355497571484,10.8566789856435,-4.01960024466371,10.0851520796869,14.123620352173,17.8141553392135,0.655355497571484,10.8566789856435,153805,13017,55494,153805,13017,55494
329063711,h329,Zombie,7340310.03684104,1.62560175026523,0.020794152994344,-1,7.36067968354E-09,1.54479292893147,2.15422612316044,2.15422612316044,-101.373912303046,75.7900264175597,10327993.0322726,2.15422612316044,13.8007974973305,9.34333811739083E-45,1.75742270205003E-42,-2.21798792617847,25.2758525451527,22.8102553264971,34.1188502207352,0.838535186524859,25.3729815418877,-11.8988388248872,-10.2946848297479,-10.5444376591004,18.9406458884363,2.16121577228607,15.734131724518,156702,1711,21510,93162,2990,13697
329067212,h329,Zombie,6281588.92746778,2.27207232093997,0.005647939846692,-1,7.70666904338704E-09,1.17778619870766,2.27207232093997,2.27207232093997,-114.800242779344,74.21956384811,6281588.92746778,2.27207232093997,13.8007974973305,1.5265055440184E-44,2.87126021145461E-42,8.70351035205022,56.5554916420369,29.2643268028542,64.2703318067131,1.09805145760115,57.2212786236095,8.70351035205022,56.5554916420369,29.2643268028542,64.2703318067131,1.09805145760115,57.2212786236095,71745,2359,38288,71745,2359,38288
329067213,h329,Zombie,2148216.31592533,2.15422612316044,0.002319527882863,-1,2.17737292655182E-08,0.477443080486798,2.27207232093997,2.27207232093997,-116.233332064419,94.3625805984686,2927890.02925474,2.27207232093997,13.8007974973305,8.52926174882135E-45,1.60430009497413E-42,-16.5750645638618,-43.7413980785641,-34.6773799870552,58.2285441508734,2.20873300475225,46.776518373684,-2.86945653567909,-35.3409312103549,-19.7308093796055,40.5773340474645,2.07859170299714,35.4572305690277,54297,834,16858,72038,1109,25823
329067220,h329,Zombie,7340310.03684104,1.62560175026523,0.020794152994344,-1,7.36067968354E-09,1.54479292893147,2.27207232093997,2.27207232093997,-101.373912303046,75.7900264175597,10327993.0322726,2.15422612316044,13.8007974973305,7.64368911194803E-45,1.43772949281871E-42,-2.21798792617847,25.2758525451527,22.8102553264971,34.1188502207352,0.838535186524859,25.3729815418877,-10.6686301979089,-5.16258185792776,-1.12543687948437,11.9053991915115,1.66546932614591,11.8520851220171,156702,1711,21510,44329,2925,6552
32906727,h329,Zombie,49824151.1120139,1.94883703560224,0.074564298435288,-1,8.0115389080765E-09,0.248484753375019,2.27207232093997,2.27207232093997,-88.6891285338445,57.9832586175287,80680181.5290835,2.27207232093997,13.8007974973305,1.57271815762292E-44,2.95818320969065E-42,-10.9889547204093,-34.8282409268986,-15.9546750231748,39.8536716878686,1.98267475672072,36.5207268809001,9.18500607939222,6.14034933778839,-2.25654157903773,11.2765334463423,1.77226601672768,11.0484490616806,676430,17024,150726,181742,27974,72867
329077610,h329,Zombie,7196300.00269659,2.15422612316044,0.007770175836559,-1,4.74759366250433E-07,0.65589589426519,2.62224388005564,2.62224388005564,-112.174328967086,63.2752030481444,11602058.2755269,2.59530760627748,13.8007974973305,1.19594727902603E-42,2.24950105862403E-40,-1.04418628094936,39.5304228402056,5.51710785971773,39.9272229694294,1.43217368244585,39.544211395788,17.7292939686004,-24.7747578207518,-11.8872216976815,32.7020263805132,1.9428196323419,30.4650043443613,110995,2755,39562,127213,4416,31439
329086413,h329,Zombie,7196300.00269659,2.15422612316044,0.007770175836559,-1,4.74759366250433E-07,0.65589589426519,2.91854289161527,2.91854289161527,-112.174328967086,63.2752030481444,12513082.6938816,2.91854289161527,13.8007974973305,2.01307924175734E-42,3.78647450840403E-40,-1.04418628094936,39.5304228402056,5.51710785971773,39.9272229694294,1.43217368244585,39.544211395788,25.6619490008261,-15.1828405561564,-20.5605048448415,36.2186227423051,2.17447855266309,29.8170131615269,110995,2755,39562,43341,4911,14384
32908649,h329,Zombie,8097091.23744857,2.91854289161527,0.003860607137664,-1,1.06260610699619E-07,0.935359734708944,2.91854289161527,2.91854289161527,-164.508596680067,69.2337455173049,8097091.23744857,2.91854289161527,13.8007974973305,2.80474498273081E-42,5.27554760855483E-40,6.10454455942272,-50.699198155,-36.2124274048974,62.6020291715284,2.18762912179262,51.0653909985807,6.10454455942272,-50.699198155,-36.2124274048974,62.6020291715284,2.18762912179262,51.0653909985807,125568,3209,13230,125568,3209,13230
32909748,h329,Zombie,16081685.2246949,3.24177817695327,0.005875536671965,-1,7.38698612339631E-08,1.17778619870766,3.28891665606505,3.28891665606505,-148.251870605989,89.7547294677289,16162669.6909549,3.28891665606505,13.8007974973305,8.83815018857314E-41,1.66240005342584E-38,-7.76059505222656,44.957982439375,37.6331584046784,59.1413698868686,0.88107083718163,45.6228782584329,-9.73025173392125,38.0422768422486,35.306333594348,52.8055851025547,0.838458585735927,39.2669406262795,114930,6280,34439,116506,6344,34030
32911527,h329,Zombie,29216959.0355084,2.91854289161527,0.013930335880576,-1,5.70981726846523E-07,0.979131179597688,3.88824874762909,3.88824874762909,-103.328314783134,82.0126207609395,43441694.16816,3.88824874762909,13.8007974973305,9.99922549037637E-40,1.88079096131566E-37,-34.2365380974579,-46.0111125988251,-36.5951074230143,68.0320873616443,2.13875166538601,57.3512251262381,45.3701023897338,-9.35545504725269,19.1688098482318,50.133960555633,1.17845617926978,46.3246233659389,333867,11263,87301,142501,17246,37292
329124811,h329,Zombie,29216959.0355084,2.91854289161527,0.013930335880576,-1,5.70981726846523E-07,0.979131179597688,4.21148403296702,4.21148403296702,-103.328314783134,82.0126207609395,43441694.16816,3.88824874762909,13.8007974973305,1.91985129415226E-37,3.61111864572607E-35,-34.2365380974579,-46.0111125988251,-36.5951074230143,68.0320873616443,2.13875166538601,57.3512251262381,18.7528222678411,-17.9125878516861,-0.965372733864569,25.9511288977744,1.60800455483481,25.9331669210224,333867,11263,87301,41098,16878,13231
32912695,h329,Zombie,42791785.3552446,2.59530760627748,0.026299037472355,-1,1.61571255574005E-08,0.767008023598658,4.28219175163472,4.28219175163472,-113.130030895952,108.816367838119,68617901.0691448,4.28219175163472,13.8007974973305,7.83776008782497E-38,1.47423301377985E-35,4.87676290126183,7.00099140043676,61.1151840430075,61.7078797042549,0.138710323637109,8.53209804116859,20.7730689836135,-18.4438274457752,10.7801877051807,29.7977786555714,1.20062170313876,27.7794018266682,427224,16661,76133,128221,27922,32576
32913443,h329,Zombie,120502852.712123,4.28219175163472,0.017711693046328,-1,1.50324998319642E-08,0.477443080486798,4.5347193183048,4.5347193183048,-133.633077717327,28.2683841030031,175921980.016575,4.5347193183048,13.8007974973305,1.0240456729053E-36,1.92616502890986E-34,7.00537832859664,1.63085565451729,-115.939293767924,116.162192020888,3.07963351077062,7.19270572821115,11.3333221167213,2.40161163698758,-81.4766127528219,82.296113847068,3.00035153346231,11.5849872100179,1028280,47591,245728,1070754,67164,238981
32923043,h329,Zombie,119907837.135752,7.03979277950913,0.006126452104361,-1,9.56344749472839E-09,0.767008023598658,7.767072171456,7.767072171456,-124.470466688203,53.8894639277566,127725040.636251,7.767072171456,13.5828411516159,4.49341617828653E-15,8.39878984724786E-13,-23.4116429246296,167.755264937254,20.3326859249755,170.597045858134,1.45132688122964,169.381031814659,-34.3669340966262,52.4600384435962,-14.8774863583967,64.4552666044422,1.80371543477826,62.7147653484045,707679,50164,118492,573742,53582,100111
32924962,h329,Zombie,402729312.615596,7.767072171456,0.018180772431348,-1,1.72480240329305E-08,0.767008023598658,8.41354274207578,8.41354274207578,-137.018629049687,49.0475921258559,426385586.789149,8.41354274207578,13.8007974973305,1.23111528193762E-27,2.31564984391476E-25,-10.6639533771122,14.1842233836542,159.514571921403,160.498631613778,0.110792968882868,17.7457627231581,32.8391333356667,-2.9665552127608,47.2175823774342,57.5908778682686,0.609595739312819,32.9728544118955,1671529,169279,220192,899935,179785,158410
32928803,h329,Zombie,144793448.73019,8.41354274207578,0.005835331647284,-1,4.29255387519026E-10,8.73677802738418,9.70648388331289,9.70648388331289,109.685002573069,108.661241068496,159107707.277009,9.70648388331289,13.8007974973305,6.44890242267603E-25,1.21299768653574E-22,52.1251809505084,-57.7084336564622,24.9792439964767,81.6777842184829,1.25998975697683,77.7643736180363,20.6593902965833,22.9510001868293,47.8959765953878,56.9875722506963,0.572658226762785,30.8797476835935,397380,60304,89383,197733,66959,66796
32930722,h329,Zombie,446271169.998092,8.73677802738418,0.017194744290735,-1,4.5557349461521E-10,8.73677802738418,10.352954453932,10.352954453932,170.256520420381,117.699086888321,497658694.040778,10.352954453932,13.8007974973305,9.02407531693475E-24,1.69737139208007E-21,-18.8691408552077,2.30741562594631,-45.5184095487457,49.3284324840337,2.74598388040397,19.0096986689565,-75.2855585061734,6.24918185316346,-10.3283402149536,76.2472439175095,1.7066725786533,75.5444742745646,510079,187535,101448,458261,211580,87621
