,ID,Simulation,Status,infall_mass,time_infall,infall_mass_ratio,infall_ID,time_quench,max_sSFR,time_max_sSFR,time_disruption,infall_relative_velocity,infall_radial_velocity,infall_tangential_velocity,max_stellarmass,time_max_stellarmass,time_closest_approch,distance_closest_approach_hostRvir,distance_closest_approach_pkpc,infall_x,infall_y,infall_z,infall_distance,infall_phi_z,infall_z_away,final_x,final_y,final_z,final_distance,final_phi_z,final_z_away,infall_n_dm,infall_n_star,infall_n_gas,final_n_dm,final_n_star,final_n_gas,impact_parameter_kpc,impact_parameter_hostRvir,time_impact
0,148409610,h148,Survivor,23347855.507486973,8.198,0.0004310129559477759,148243210,-1,1.1464211460262959e-08,0.7670080235981561,-1,236.94976366310223,-49.32215199590579,231.7596078321086,74776108.97630043,9.060013312533592,13.369817116672673,0.4716395879612383,124.7929618206738,76.51242012314106,132.28987676608267,-70.28902446090615,168.21209495024797,2.001884332352246,152.8226486090507,20.976532905584463,125.42658233054681,-47.77336875001856,135.84600564457446,1.9301539620912234,127.16855935277597,504066,9808,71063,240591,26111,46997,166.42434838377451,0.7781841265092259,9.06
0,14840961090,h148,Survivor,2256.328884146804,6.474,6.050905522185976e-08,1481920930,0.642,1.0,0.6424277573762364,-1,269.97225098146663,-117.63873492774988,242.99412409479908,2796.6680861423256,0.6424277573762364,12.50785635584716,0.260780444072461,66.56974142867007,65.7848923434849,57.852702576783486,-14.590756635896469,88.81147130461034,1.735833601558435,87.60472165403915,106.46629066179594,100.09362112939925,-9.752359701142268,146.45447264531802,1.6374353392084526,146.12940853256634,1927,1,0,1022,1,0,88.38698121263809,0.5348489925584786,6.905
0,148409612,h148,Survivor,23347855.507486973,8.198,0.0004310129559477759,148243210,9.491,1.1464211460262959e-08,0.7670080235981561,-1,236.94976366310223,-49.32215199590579,231.7596078321086,74776108.97630043,9.060013312533592,9.060013312533592,0.7781841265092259,166.42434838377451,76.51242012314106,132.28987676608267,-70.28902446090615,168.21209495024797,2.001884332352246,152.8226486090507,-52.329940317158616,-255.49526719971618,114.10276770643759,284.667693659328,1.1583759363764285,260.7992603805689,504066,9808,71063,212293,21027,342,166.42434838377451,0.7781841265092259,9.06
0,148409613,h148,Survivor,5701916.349558171,13.801,6.456135235303597e-05,148409613,-1,4.238045115378673e-09,6.47413103005709,-1,224.56007859813374,-47.444220138889875,219.4909448597198,5701916.349558171,13.800797497085432,13.800797497085432,1.0252856387489175,275.31806966159326,-178.58291509025366,-50.98312171599537,-203.24591808974947,275.31806966159326,2.4012274030330976,185.71789429680908,-178.58291509025366,-50.98312171599537,-203.24591808974947,275.31806966159326,2.4012274030330976,185.71789429680908,203901,2459,4193,203901,2459,4193,275.31806966159326,1.0252856387489175,-13.801
0,1484096189,h148,Survivor,100251.31459288306,5.868,3.1310520868389137e-06,1481740150,2.595,4.574695500694901e-09,1.5447929289316258,-1,253.72035491855988,-201.67383066679537,153.95351416638965,113507.69237123353,2.369716313388101,9.060013312533592,0.26905720809226746,57.541228366577805,-54.11682188325722,66.8285856780567,61.32977233998827,105.62211534403362,0.9512661029749699,85.99238497956405,-90.03422415991008,-55.103537542359845,173.55052358439934,203.13135062362568,0.5464477291559173,105.55833159802782,14442,44,131,6607,44,0,72.05055460567601,0.4576626744564781,6.474
0,14840962,h148,Survivor,923527877.7898424,12.939,0.011033519553072624,14838402,-1,6.08374571463539e-07,0.6424277573762364,-1,224.28313489872573,-86.1807640390287,207.06472541128116,1042070160.9547657,13.800797497085432,13.800797497085432,0.7097140165748436,190.5782014986487,12.673765961630124,-76.71414833322706,-204.44747743997868,218.73375580763278,2.7781722989038315,77.75400245738173,-3.399741024179093,127.54341494342225,-141.56683916792826,190.5782014986487,2.4080811207388177,127.58871789645622,2485724,384927,414848,2232416,435431,367099,190.5782014986487,0.7097140165748436,-13.801
0,1484096217,h148,Survivor,5952005.869089109,13.801,6.739305253949863e-05,1484096220,13.801,1.0,13.800797497085432,-1,211.67637586655718,182.92911374956515,106.50740557725855,5952005.869089109,13.800797497085432,13.800797497085432,0.48610928687096966,130.53403407580925,8.659510264980781,-125.1908525109211,-35.93601788824162,130.53403407580925,1.8496980602078845,125.48998633532675,8.659510264980781,-125.1908525109211,-35.93601788824162,130.53403407580925,1.8496980602078845,125.48998633532675,3142.0,2582.0,0.0,3142.0,2582.0,0.0,130.53403407580925,0.48610928687096966,-13.801
0,1484096223,h148,Survivor,977594.3273147542,10.767,1.3321605023779838e-05,1483195110,10.767,1.0,10.767099663076083,-1,138.46123681377398,9.314161922009394,138.1476039882364,977594.3273147542,10.767099663076083,12.50785635584716,0.36949109283414455,94.32044108081656,-169.83498738355047,67.6778416151792,-53.94223126192446,190.61473578602198,1.857707354790946,182.8229011509773,-31.979053567276424,-169.56562839460094,61.75039907538667,183.27103968135322,1.2271368465600492,172.5548092633602,16643.0,420.0,0.0,5096.0,418.0,0.0,190.61473578602198,0.8121761503658653,10.767
0,148409623,h148,Survivor,20315105.842546724,6.474,0.0005447999491126519,148192013,-1,3.1445733049587424e-07,1.1777861987068057,-1,266.34846911518,-147.5504888436635,221.74390688809456,52287298.73602051,7.039792779348961,6.9051114104699325,0.5422828382489002,89.61546848384688,47.797567639028784,83.89639770275608,-63.442085717599184,115.53402641605524,2.1521076713441167,96.55678650258893,141.3915411555463,-69.17431058036891,205.47628288440683,258.8380883537094,0.6536970076477668,157.40601371805937,215749.0,8322.0,67104.0,69956.0,20107.0,16220.0,89.61546848384688,0.5422828382489002,6.905
0,1484096263,h148,Survivor,519483.8382742928,13.801,5.881983717129243e-06,1484096260,13.801,1.0,13.800797497085432,-1,227.08089968114888,181.01762767146153,137.1070876074469,519483.8382742928,13.800797497085432,13.800797497085432,0.4589745846149554,123.24760231120962,3.3551719449278607,112.68361566294334,-49.81081265958346,123.24760231120962,1.9868483021700165,112.73355497656391,3.3551719449278607,112.68361566294334,-49.81081265958346,123.24760231120962,1.9868483021700165,112.73355497656391,4497.0,230.0,0.0,4497.0,230.0,0.0,123.24760231120962,0.4589745846149554,-13.801
0,1484096290,h148,Survivor,2071054.045395041,4.75,9.97223074262369e-05,148140877,4.75,1.0,4.750209508400877,-1,257.10281095312826,142.15046418633705,214.231419104689,2071054.045395041,4.750209508400877,7.039792779348961,0.3442366314100506,57.709393797031225,-59.048535927546254,31.97326634567071,-14.427883161499267,68.68175280611142,1.7824415038363826,67.14923198367887,63.96710728432299,-169.65935328210617,8.1231645680964,181.4995117707675,1.5260255236359292,181.31764108995742,32693.0,863.0,1460.0,3531.0,812.0,0.0,68.68175280611142,0.538917393597797,4.75
0,14840963,h148,Survivor,525362158.44449943,9.922,0.007680844950410684,14829444,-1,6.3455807010417344e-09,0.9353597347084547,-1,245.84219206637417,-70.29961322059381,235.5766282572083,689906329.2222457,13.800797497085432,0.4774430804867682,84.49342918687312,148.30006229914648,-164.2564447723562,80.21170649737542,46.3393672691891,188.57739649115956,1.322522282222406,182.79523382319144,207.01628173539575,-159.13308356468406,-55.94092864645063,267.03645198021326,1.7818476248898092,261.11123910769027,1277135,221445,184465,1063765,294793,135161,168.97057747440567,0.7325301998819258,10.353
0,1484096306,h148,Survivor,6767.895564652305,13.37,7.904770573941125e-08,1483968300,1.178,6.93459201705357e-05,0.7670080235981561,-1,273.3106220036097,-18.216023781263708,272.7029016669981,8487.239833481306,1.7333468453788072,13.369817116672673,0.9547844059585254,252.63013742084212,-8.444120344105613,6.296604864408437,-252.41045131307328,252.63013742084212,3.0998860146159504,10.533299635168436,-35.34336241980054,126.64755431808953,-225.75014578788614,261.25061646844523,2.614182345679605,131.4867152296795,4219,3,0,4024,3,0,252.63013742084212,0.9547844059585254,13.37
0,148409636,h148,Survivor,58339.04087205098,12.508,7.200177318311461e-07,148371229,11.215,2.6482049189218717e-08,9.921974073359097,-1,277.850182112591,-261.8286214555141,92.98654035238162,59980.416414158484,12.938836736259919,12.938836736259919,0.2889521182752144,75.72876995699416,17.14601687295726,-202.73280190026344,10.987222336207196,203.75302185637503,1.5168459410342583,203.45656750505538,-34.50305941270199,209.81748370892456,69.682063000575,223.7619884672045,1.2541182651830158,212.6354570121861,79068.0,24.0,511.0,62603.0,25.0,0.0,75.72876995699416,0.2889521182752144,12.939
0,1484096380,h148,Survivor,11284.89735326999,13.801,1.2777602995679899e-07,1484096380,13.801,1.0,13.800797497085432,-1,288.8269976993148,269.80415794798546,103.08613366490427,11284.89735326999,13.800797497085432,13.800797497085432,0.4271562208170521,114.70347551419484,47.44252905260146,7.690296784843667,-104.14870650896046,114.70347551419484,2.709239169138005,48.061775118548326,47.44252905260146,7.690296784843667,-104.14870650896046,114.70347551419484,2.709239169138005,48.061775118548326,3247.0,5.0,0.0,3247.0,5.0,0.0,114.70347551419484,0.4271562208170521,-13.801
0,148409639,h148,Survivor,5941433.838347211,7.767,0.00012707348324313042,148230420,9.922,3.6920146084486994e-07,1.3023664649281712,-1,248.76603566403512,-126.61176605587576,214.13547393230337,6384049.525408008,9.490993692946342,12.50785635584716,0.38610714492713233,98.562040926732,47.74797100957221,-86.60293522944812,-96.90571481957704,138.4581333493274,2.346042351095388,98.89356463333158,-13.185822110801382,29.915149924214347,185.18180192283035,188.04542499915357,0.1747407584878721,32.69223301834728,137116,2551,5696,46898,2789,0,103.87150210255419,0.5270816299848027,8.198
0,14840964,h148,Survivor,180852205.8914023,12.077,0.002279486128194615,14835844,-1,1.5116751201777187e-08,0.7670080235981561,-1,219.81113848028724,-96.99980236204286,197.25104547688625,198305544.33543065,13.800797497085432,12.938836736259919,0.7667616812254803,200.95342894858865,-196.10606018155522,89.15200819594247,99.62549064687119,237.3413276105343,1.1376196475805127,215.41974701800473,139.91033555584363,182.6773318480664,-86.33402254974135,245.7630424130052,1.9297445544774945,230.09978176103814,875030,78194,50743,800481,85749,42203,200.95342894858865,0.7667616812254803,12.939
0,1484096438,h148,Survivor,112260.0572048339,4.75,5.4053789475745136e-06,1481408250,1.178,2.1773672434199076e-08,0.4774430804867682,-1,283.52542355139866,-276.77977743880564,61.478619055125336,131697.68449580309,0.7670080235981561,13.800797497085432,0.21184841900818416,56.887266901898975,85.55235847963559,2.8376528067419713,8.2798613638206,85.99892103441633,1.4743682934288602,85.59940604279736,-51.91648569765675,-19.892833613070252,12.046361243777937,56.887266901898975,1.357422431226871,55.5971790323241,9588,49,0,2757,49,0,72.439942082057,0.5279259860693606,5.181
0,148409644,h148,Survivor,4511.919081530232,13.37,5.269833857064835e-08,148396844,5.868,1.0,6.9051114104699325,-1,148.01761955929436,-44.91331340792855,141.03903707385834,4512.840745748756,6.9051114104699325,13.800797497085432,1.0172626277815762,273.1636652605938,-115.9480412005214,81.81361124577961,-254.0368999718885,290.98481367700384,2.632166695340579,141.90636082753073,-126.52533774840049,130.2603348271914,-204.06364717156976,273.1636652605938,2.414391629426244,181.59409660459463,45204,2,0,43907,2,0,273.1636652605938,1.0172626277815762,-13.801
0,148409648,h148,Survivor,756984.5088910321,8.609,1.3074772010857798e-05,148255419,12.508,6.587405520448495e-09,8.198052551708969,-1,202.24698118884248,-169.66391030827953,110.08178295660043,1308227.8118248319,12.938836736259919,13.800797497085432,0.29867773391527463,80.20338337401608,-163.89506500651987,13.812096522193315,-22.266034633841628,165.9763315721407,1.7053538694251162,164.47603577369472,-72.20346743698974,-3.9348315237984934,-34.69523159735763,80.20338337401608,2.0181605221047976,72.31060509389417,123713.0,300.0,9209.0,38135.0,568.0,244.0,87.47870419834507,0.4090419441376945,9.06
0,1484096563,h148,Survivor,54985.80958288999,9.491,8.466059736533195e-07,1482816310,5.181,1.0,6.47413103005709,-1,192.53922223796374,-153.83837474818745,115.78042388433474,54986.01289117348,6.47413103005709,10.35295445377185,0.2392838885726416,55.194907785314086,-41.37941211600992,-81.21971658933762,-157.94155737464462,182.35798215555872,2.6181574502978595,91.15315743252624,-103.30297474125473,84.88869972310931,42.77935478523068,140.38400595122354,1.2611403711425988,133.707127450531,4988.0,2.0,0.0,2116.0,2.0,0.0,55.194907785314086,0.2392838885726416,10.353
0,148409662,h148,Survivor,15856961.802001724,6.474,0.0004252437594845839,148192018,6.474,1.3915420016226747e-07,0.7670080235981561,-1,205.89578966069217,-106.68894814122336,176.09811056487615,15942825.667065728,5.181189888818482,12.50785635584716,0.2794623188299599,71.33868634105752,9.03812148493671,65.60457869689526,-109.77526731468788,128.20396912726522,2.5987715247988494,66.22422808892225,-6.232962730930012,43.28256492126093,-109.32878053655804,117.74978770332964,2.7611056520803805,43.729054992857186,164623,6811,1563,23972,6228,0,91.2292660731053,0.5441827261168101,7.04
0,148409669,h148,Survivor,6767.848126052822,13.801,7.663062745067947e-08,148409669,0.767,0.00013766442068126618,0.6424277573762364,-1,254.8468940363998,-35.03695884006165,252.4269219303674,9178.28468909114,1.3023664649281712,13.800797497085432,0.9783297683323058,262.70909601191227,177.98020160566375,7.375067459739512,193.09253052297936,262.70909601191227,0.7451220955562605,178.13293851398853,177.98020160566375,7.375067459739512,193.09253052297936,262.70909601191227,0.7451220955562605,178.13293851398853,25691,3,0,25691,3,0,262.70909601191227,0.9783297683323058,-13.801
0,1484096779,h148,Survivor,2256.0645833782564,10.353,3.17691911287552e-08,1483072430,10.353,1.0,10.35295445377185,-1,247.32697932089818,221.26679512628178,110.50628975105462,2256.0645833782564,10.35295445377185,13.800797497085432,0.2073130089878483,55.669381578306236,-112.62193607646259,3.698992514757265,43.57609037991642,120.81497706838212,1.2017946300670272,112.68266517630407,-7.500161285530339,54.681113155522326,-7.266600998751528,55.669381578306236,1.7017012495740387,55.193084306242646,3398.0,1.0,0.0,1488.0,1.0,0.0,120.81497706838212,0.5237634896172241,10.353
0,1484096932,h148,Survivor,13552.259100267951,8.198,2.5018140328577646e-07,1482432600,6.474,1.0,7.039792779348961,-1,188.08849140763505,-129.67519770290642,136.24104998388754,13561.407973025363,7.039792779348961,12.07687597543439,0.2585796021557412,64.26661539844943,20.52648490289721,-48.752476685362126,-137.22952916452232,147.0716976176658,2.7736771706751258,52.89745329810911,-104.19152037197637,45.045819545288396,177.39336883652504,210.602483563471,0.5692346137999105,113.51210849918459,2776.0,6.0,0.0,1229.0,6.0,0.0,70.2732796301518,0.3419842657905759,8.609
0,1480275869,h148,Zombie,2704.474556518748,0.935,0.0029502827782501013,1480275870,0.935,2.1773725167187163e-08,0.7670080235981561,0.9353597347084547,40.61603377977716,-38.60289113785263,12.628499348659696,2911.455943005318,0.7670080235981561,0.9353597347084547,0.4864057812222927,3.24543191018114,2.2007221432395454,-2.234210641781374,-0.8354358982160193,3.24543191018114,1.831146581649149,3.136060449607755,2.2007221432395454,-2.234210641781374,-0.8354358982160193,3.24543191018114,1.831146581649149,3.136060449607755,1586,1,74,1586,1,74,3.24543191018114,0.4864057812222927,-0.935
0,1480347728,h148,Zombie,53867.00409880027,1.178,0.003215258844563819,1480347730,-1,1.859698801501019e-08,0.9353597347084547,1.1777861987068057,54.64312308058536,47.25384654385844,27.439841231491823,58227.831240977546,0.9353597347084547,1.1777861987068057,0.5429189488484848,6.157081915599037,0.9559208159880654,-6.0549640691233435,0.5773068773041814,6.157081915599037,1.4768953279957655,6.1299571356424645,0.9559208159880654,-6.0549640691233435,0.5773068773041814,6.157081915599037,1.4768953279957655,6.1299571356424645,2087.0,19.0,352.0,2087.0,19.0,352.0,6.157081915599037,0.5429189488484848,-1.178
0,1480384124,h148,Zombie,140092.96121571545,1.302,0.004503340689312627,1480384120,-1,2.3049808271253913e-08,1.1777861987068057,1.3023664649281712,126.73118045690255,-125.40487168418485,18.286887593932732,140092.96121571545,1.3023664649281712,1.3023664649281712,0.44435283415511123,7.242071590167139,-2.046788555128842,-4.946291858631412,4.877750954788098,7.242071590167139,0.8318224600028555,5.353050209008859,-2.046788555128842,-4.946291858631412,4.877750954788098,7.242071590167139,0.8318224600028555,5.353050209008859,15185,46,4766,40615413,37682333,6307699,7.242071590167139,0.44435283415511123,-1.302
0,1480384163,h148,Zombie,46981.901308711356,1.302,0.0015102508076690988,1480384160,-1,2.1773721772436612e-08,1.1777861987068057,1.3023664649281712,46.90513191538852,-46.20633100990042,8.066373076142328,46981.901308711356,1.3023664649281712,1.3023664649281712,1.6192059632290354,26.389851945530413,18.114293548451315,-17.85417617533858,7.037403501826702,26.389851945530413,1.300859219854407,25.43421391864693,18.114293548451315,-17.85417617533858,7.037403501826702,26.389851945530413,1.300859219854407,25.43421391864693,9674.0,15.0,4962.0,9674.0,15.0,4962.0,26.389851945530413,1.6192059632290354,-1.302
0,14803846,h148,Zombie,16150810.041084222,1.302,0.5191738356603063,14803846,-1,2.177369959894498e-08,0.7670080235981561,1.3023664649281712,85.24332114599947,-82.22546221702834,22.481040082612875,16150810.041084222,1.3023664649281712,1.3023664649281712,1.0412236187395125,16.969883859573237,-15.153446238891775,7.444905035249576,1.709799493664832,16.969883859573237,1.4698701414601645,16.88352877507743,-15.153446238891775,7.444905035249576,1.709799493664832,16.969883859573237,1.4698701414601645,16.88352877507743,215786.0,5408.0,61688.0,215786.0,5408.0,61688.0,16.969883859573237,1.0412236187395125,-1.302
0,1480456309,h148,Zombie,4213977.569006639,1.545,0.028107882091825895,1480456310,-1,1.3762507346500043e-07,0.7670080235981561,1.5447929289316258,39.246271160455485,25.130466515639444,30.145139785814973,4213977.569006639,1.5447929289316258,1.5447929289316258,0.39548747557743597,8.843678119792266,3.1453610119178848,-8.194794524441932,-1.0782808045105412,8.843678119792266,1.6930271979160207,8.777696348878584,3.1453610119178848,-8.194794524441932,-1.0782808045105412,8.843678119792266,1.6930271979160207,8.777696348878584,3248,1453,3104,3248,1453,3104,8.843678119792266,0.39548747557743597,-1.545
0,148045663,h148,Zombie,7990625.466323429,1.545,0.0532987076388983,148045663,-1,2.177369959894498e-08,0.7670080235981561,1.5447929289316258,64.87916768886605,64.7175891523459,4.576030409444527,16150810.041084222,1.3023664649281712,1.5447929289316258,0.4356322600758057,9.741374189114426,6.71684738507156,-6.577454430004764,2.552533157318976,9.741374189114426,1.3056711324842847,9.401007689239066,6.71684738507156,-6.577454430004764,2.552533157318976,9.741374189114426,1.3056711324842847,9.401007689239066,42644.0,2874.0,6129.0,42644.0,2874.0,6129.0,9.741374189114426,0.4356322600758057,-1.545
0,14805124,h148,Zombie,63374173.82116341,1.733,0.297868734969501,14805124,-1,1.1606539389825832e-08,1.1777861987068057,1.7333468453788072,103.95048965733639,-94.99760034227309,42.203794014398234,63374173.82116341,1.7333468453788072,1.7333468453788072,2.8910324362826776,70.37717527385149,-55.204240821772146,-14.207002772261148,41.27468554752613,70.37717527385149,0.9440923416343013,57.00304494041745,-55.204240821772146,-14.207002772261148,41.27468554752613,70.37717527385149,0.9440923416343013,57.00304494041745,585658,23166,144002,585658,23166,144002,70.37717527385149,2.8910324362826776,-1.733
0,148051272,h148,Zombie,907608.839191946,1.733,0.004265906448581758,148051272,-1,5.98665290475783e-08,1.1777861987068057,1.7333468453788072,69.11631211226477,-59.697333661301364,34.83235498399802,907608.839191946,1.7333468453788072,1.7333468453788072,2.0816001374332895,50.67294848845891,-1.3328085085986459,45.04424592461328,-23.172985113626964,50.67294848845891,2.0457585476336684,45.06395976207188,-1.3328085085986459,45.04424592461328,-23.172985113626964,50.67294848845891,2.0457585476336684,45.06395976207188,30956,329,10116,30956,329,10116,50.67294848845891,2.0816001374332895,-1.733
0,148064011,h148,Zombie,176177470.75950408,2.164,0.28078448484429547,148064011,-1,1.1606539389825832e-08,1.1777861987068057,2.1643272258295143,97.54608756890252,-83.88120816476011,49.79138597006695,176177470.75950408,2.1643272258295143,2.1643272258295143,0.5267006392326834,21.18621835787171,-12.255844504498782,-15.35343404928517,7.932350640460754,21.18621835787171,1.1870349670322522,19.645194364632843,-12.255844504498782,-15.35343404928517,7.932350640460754,21.18621835787171,1.1870349670322522,19.645194364632843,308184,64605,86271,308184,64605,86271,21.18621835787171,0.5267006392326834,-2.164
0,14807012,h148,Zombie,345576643.3471835,2.37,0.27618722648294985,14807012,-1,1.7983365724425107e-08,0.9353597347084547,2.369716313388101,135.26883787480395,-128.38784908686708,42.59364632017125,345576643.3471835,2.369716313388101,2.369716313388101,0.9141008395024828,44.95981752635219,-25.573011064272578,-31.24303314352528,19.78077797009155,44.95981752635219,1.1152358397097344,40.37457138968569,-25.573011064272578,-31.24303314352528,19.78077797009155,44.95981752635219,1.1152358397097344,40.37457138968569,1353068,126553,363967,1353068,126553,363967,44.95981752635219,0.9141008395024828,-2.37
0,148070125,h148,Zombie,40641190.33240234,2.164,0.06477227560225347,148064018,-1,1.8161831176007848e-08,0.6424277573762364,2.369716313388101,57.148678024955224,5.406048456254337,56.89240757859198,50143480.65596152,2.369716313388101,2.369716313388101,0.37275807579421905,18.334011243555725,8.146596757071165,16.821925090993318,-10.18348221008091,21.284912788459984,2.0696698320594735,18.690751790372506,8.185159808904245,16.347344085602344,-1.3796624690294266,18.334011243555725,1.646119064627291,18.282026686075557,207618,14541,45102,118995,18570,43532,18.334011243555725,0.37275807579421905,-2.37
0,148070149,h148,Zombie,7072349.719190619,2.37,0.005652270462325057,148070149,2.37,8.646810459138956e-09,2.1643272258295143,2.369716313388101,159.01037293208265,-152.08009768637817,46.432128830171855,7072349.719190619,2.369716313388101,2.369716313388101,0.49523741049593817,24.358126199992487,-19.989047164463045,-9.748859727118543,9.935594569657042,24.358126199992487,1.1506473188936452,22.239655404753062,-19.989047164463045,-9.748859727118543,9.935594569657042,24.358126199992487,1.1506473188936452,22.239655404753062,46741,2658,20764,46741,2658,20764,24.358126199992487,0.49523741049593817,-2.37
0,148070165,h148,Zombie,5434200.001847953,2.37,0.004343049958837037,148070165,-1,1.6518398718760892e-08,0.4774430804867682,2.369716313388101,267.20361112829295,-235.413080693011,126.40589874933005,5434200.001847953,2.369716313388101,2.369716313388101,0.893372383847424,43.94029370186718,-28.322853964418755,-32.93472327840209,6.623394635052136,43.94029370186718,1.4194833472432205,43.43823263111327,-28.322853964418755,-32.93472327840209,6.623394635052136,43.94029370186718,1.4194833472432205,43.43823263111327,39057,2067,14203,39057,2067,14203,43.94029370186718,0.893372383847424,-2.37
0,148089619,h148,Zombie,13586143.814184293,2.925,0.004642969632964631,148086619,-1,1.0599022218570874e-06,1.3023664649281712,3.0262879867236334,154.12340964305196,-153.0548683387708,18.117192878631545,17760876.107533026,3.0262879867236334,3.0262879867236334,0.621287913621357,42.04361657623897,-39.360234040511386,8.116204438049863,-41.794060269859074,57.9814131601211,2.3757784343550865,40.18831668786404,-28.018964688870255,4.881942326913304,-30.964010587944358,42.04361657623897,2.3986387036266104,28.4410925092456,178943,5090,83664,177974,6470,79919,42.04361657623897,0.621287913621357,-3.026
0,148097431,h148,Zombie,11566411.55648694,3.289,0.0025878679993692304,148097431,-1,1.324417366425052e-07,1.5447929289316258,3.2889166560521788,225.7142281735912,-220.61975343896066,47.684768978492556,11566411.55648694,3.2889166560521788,3.2889166560521788,0.6306854962905871,46.510438745502626,-36.665209981010776,16.02842218258411,-23.705969115064363,46.510438745502626,2.1056223526779316,40.01559621715972,-36.665209981010776,16.02842218258411,-23.705969115064363,46.510438745502626,2.1056223526779316,40.01559621715972,104008.0,4343.0,33884.0,104008.0,4343.0,33884.0,46.510438745502626,0.6306854962905871,-3.289
0,148102421,h148,Zombie,58972752.79171436,2.925,0.02015352583699257,14808669,3.457,4.343643454554307e-08,1.1777861987068057,3.4572683671576527,186.95808995601126,-184.93017964485136,27.46190191015551,94038213.44918299,3.2889166560521788,3.2889166560521788,0.4468521984979964,32.95349572611446,-18.41073038621562,-54.43411671490139,11.414834028981204,58.58606055875935,1.374703293542567,57.4632757148897,-1.9933593186160579,39.24594326780061,8.833948648989463,40.27724162707173,1.3496701257479913,39.29653349027797,470523,22446,122072,167690,33186,36631,32.95349572611446,0.4468521984979964,3.289
0,148102429,h148,Zombie,7062523.152154881,3.457,0.0012683579891559008,148102429,-1,7.767361590782004e-09,0.7670080235981561,3.4572683671576527,167.47103898883532,-155.87602356145766,61.230827029102706,7062523.152154881,3.4572683671576527,3.4572683671576527,0.8245714079335821,66.14522135795313,-50.931025285945,-33.78741213172907,-25.290942118785097,66.14522135795313,1.963139713070342,61.11921592459182,-50.931025285945,-33.78741213172907,-25.290942118785097,66.14522135795313,1.963139713070342,61.11921592459182,118651,2802,28550,118651,2802,28550,66.14522135795313,0.8245714079335821,-3.457
0,14810249,h148,Zombie,114282296.93136106,3.457,0.020523948907374842,14810249,-1,6.674829011530864e-07,0.6424277573762364,3.4572683671576527,181.7069140126484,-170.10782970702243,63.880582905658095,114282296.93136106,3.4572683671576527,3.4572683671576527,0.7593279552162466,60.911541678275334,-48.76361812837604,3.6008840521135426,-36.322982954287,60.911541678275334,2.2097096715275475,48.89638860822798,-48.76361812837604,3.6008840521135426,-36.322982954287,60.911541678275334,2.2097096715275475,48.89638860822798,535957,44458,139141,535957,44458,139141,60.911541678275334,0.7593279552162466,-3.457
0,14811066,h148,Zombie,226705000.7629934,3.733,0.028396176765190226,14811066,-1,1.4647372905926665e-08,0.9353597347084547,3.7333651733624893,199.73609438456532,-133.9373431003077,148.17319434779844,226705000.7629934,3.7333651733624893,3.7333651733624893,0.580670453403312,52.76110968924369,16.949864578346023,31.842364415790144,38.50325460046406,52.76110968924369,0.7528169554246549,36.07262231682426,16.949864578346023,31.842364415790144,38.50325460046406,52.76110968924369,0.7528169554246549,36.07262231682426,833191,89411,225221,833191,89411,225221,52.76110968924369,0.580670453403312,-3.733
0,14812803,h148,Zombie,614561634.7464291,4.282,0.041018169646693775,14812693,-1,5.485875249835762e-07,0.7670080235981561,4.319229127986118,180.8508039794128,-158.509160945474,87.07387206482673,625638547.7256806,4.319229127986118,4.319229127986118,0.7305969495628354,84.08541529484319,60.37574544588642,55.47398855832034,40.92833449434511,91.63908887148612,1.107806357072186,81.99142665373701,52.495565883551535,53.16482927440302,38.575556458663414,84.08541529484319,1.0941900362758599,74.71468068064483,1688605,241272,318765,1544220,245345,299288,84.08541529484319,0.7305969495628354,-4.319
0,14812806,h148,Zombie,909818.1225392913,3.733,0.00011396023971614349,1481106220,-1,3.2988583819806357e-09,2.369716313388101,4.319229127986118,161.0579690670412,-106.50321373652936,120.81694775068249,408791287.9352288,4.319229127986118,3.8882487475733627,0.41348991786661615,39.86374148651524,2.8784213477520098,54.15442410880132,38.6791870562829,66.61130888479853,0.9512449530044589,54.23086722532766,6.677045367596293,-33.208736674201646,-34.78291685061231,48.55156466041042,2.3694419963513664,33.873339462435695,10415.0,372.0,1191.0,635164.0,155976.0,176046.0,39.86374148651524,0.41348991786661615,3.888
0,148153610,h148,Zombie,118691375.9061552,4.282,0.007921911680228693,14812698,-1,5.485875249835762e-07,0.7670080235981561,5.181189888818482,248.19122546939485,-177.87870976605137,173.0839363198239,615746244.3449444,3.8882487475733627,4.750209508400877,0.4442784243846626,56.620590248473285,59.59838028596823,-0.23278826847672462,60.019397775602556,84.58338626725009,0.7818823019824056,59.59883491385403,-21.791149704980853,15.719183413573774,-81.71442412654687,86.01856801288687,2.823912530128363,26.869070185893285,555515,46176,100842,294639,52121,77390,56.620590248473285,0.4442784243846626,4.75
0,148153614,h148,Zombie,26242152.231365055,5.181,0.001034124807383649,148153614,-1,5.9476309790251305e-08,1.1777861987068057,5.181189888818482,257.01718035960164,-242.77580300125075,84.36670241924767,26242152.231365055,5.181189888818482,5.181189888818482,0.8133854577631505,111.60957597379709,-25.277846946939462,-79.42419930246251,-74.22617104458914,111.60957597379709,2.298359765225976,83.34970294554256,-25.277846946939462,-79.42419930246251,-74.22617104458914,111.60957597379709,2.298359765225976,83.34970294554256,300675,11001,30939,300675,11001,30939,111.60957597379709,0.8133854577631505,-5.181
0,148192016,h148,Zombie,22622112.704826806,6.474,0.0006066680600107227,148192016,-1,8.905244783308668e-09,1.3023664649281712,6.47413103005709,344.84431632259793,-339.2968231151737,61.605749114433294,22622112.704826806,6.47413103005709,6.47413103005709,0.3018179468368854,47.515674039552906,-12.417312860350648,45.76085944248007,3.0811302872152737,47.515674039552906,1.5059062940527073,47.41567162432952,-12.417312860350648,45.76085944248007,3.0811302872152737,47.515674039552906,1.5059062940527073,47.41567162432952,214803,9414,22578,214803,9414,22578,47.515674039552906,0.3018179468368854,-6.474
0,14824322,h148,Zombie,4337914298.627044,8.198,0.08008004263602746,14824322,-1,5.8550764290019744e-08,0.7670080235981561,8.198052551708969,235.81538499427893,-215.35412363530804,96.08068085348089,4337914298.627044,8.198052551708969,8.198052551708969,0.5987039362616293,117.98604549356116,-17.915442430186886,-87.58102449168291,-77.00199999173128,117.98604549356116,2.2818553151909877,89.39462471805616,-17.915442430186886,-87.58102449168291,-77.00199999173128,117.98604549356116,2.2818553151909877,89.39462471805616,2823507,1743982,390934,2823507,1743982,390934,117.98604549356116,0.5987039362616293,-8.198
0,14829442,h148,Zombie,5308101427.479686,9.06,0.0861029794091749,14826882,-1,5.883543337807549e-10,9.060013312533592,9.921974073359097,131.20205371868232,103.82521271658614,80.21411412186538,6153043876.754753,9.921974073359097,9.921974073359097,0.5269168068346158,119.66164732318715,-27.39317496529111,113.35335616215161,36.445212655642536,122.17865162710568,1.2678910824352023,116.61633413850156,-59.608402672281954,102.69176303162749,14.837451816736575,119.66164732318715,1.4464813266342444,118.73819883965251,2165760.0,2150980.0,248437.0,1518991.0,2518931.0,186097.0,122.17865162710568,0.5712955358867656,9.06
0,229409618,h229,Survivor,36553202.90667944,8.737,0.0011060130086368819,229259210,8.737,5.49910712573093e-12,12.292366165568946,-1,274.32716252679023,128.49368772207063,242.37319223788546,36553202.90667944,8.736778027163659,8.736778027163659,0.2831253988175531,46.35835124204929,-12.31153554818593,-27.912968881712004,34.90542924153124,46.35835124204929,0.7182659108708814,30.507503000830283,6.973072107670305,-48.96867261446096,128.45268664489777,137.64682102588975,0.3675656208124738,49.46265896856966,103841.0,15941.0,3157.0,35419.0,15681.0,0.0,46.35835124204929,0.2831253988175531,8.737
0,2294096191,h229,Survivor,282757.7722176811,7.444,9.211522710062282e-06,229220834,2.919,3.988028086664931e-09,3.8882487475201,-1,209.56416821584745,-171.03402980693235,121.09707365581293,310423.96343609423,2.595307606280711,11.645895594949783,0.19465962329406458,38.969800535745634,-57.732922877225064,-63.59953390846567,-42.803404815458634,95.96938345700528,2.033099892479363,85.89523326309606,-97.49910511167764,-95.4590617999238,104.64292331193428,171.95537030452698,0.9165681215413334,136.44965363568954,37814.0,125.0,25.0,4037.0,120.0,0.0,41.89464077161628,0.2800315082223572,7.767
0,229409624,h229,Survivor,2214833.663484854,7.444,7.215359786642646e-05,229220823,8.09,2.0610325229261435e-09,4.2821917514911405,-1,179.92350430113348,-78.51901411529433,161.8864781949444,2235245.8151480574,5.181189888758382,8.0903074565453,0.6392868862160859,98.6117679335957,-65.36899801880463,7.762774848346453,-103.58328779332987,122.73086036284602,2.5754705982102046,65.8283113510335,-15.293652257165377,110.30609628316233,-194.62480655436957,224.23234825269782,2.6218770089203045,111.36126201059952,59263.0,969.0,956.0,37041.0,973.0,0.0,98.6117679335957,0.6392868862160859,8.09
0,229409645,h229,Survivor,3077768.8958494975,8.414,9.485352782198608e-05,229249618,10.03,5.752579175605528e-09,4.211484032829669,-1,157.59027983984294,-87.06316583549685,131.35715227843812,3155168.359377201,9.706483883092373,9.706483883092373,0.3825457735860285,71.83355336164544,66.9152326530675,137.149534226799,25.31052981722314,154.68764016323541,1.4064338035961366,152.60289348384595,39.500870472955285,-69.71093228631798,-75.56640938959754,110.13725562399428,2.3269264168218253,80.12448345136966,74695.0,1336.0,1976.0,19396.0,1379.0,0.0,71.83355336164544,0.3825457735860285,9.706
0,229409646,h229,Survivor,286863.92185006314,13.262,6.248370721251994e-06,229393647,13.262,1.0,13.262072021497668,-1,217.33596688077193,-6.970041348890385,217.22417228198788,286863.92185006314,13.262072021497668,13.262072021497668,0.5365849335786685,113.04161540582989,-70.60800822841702,-88.27663542997834,0.3893902130803326,113.04161540582989,1.5673516574865975,113.04094474490626,-25.39961560764641,-82.88833248737865,-100.62129967278088,132.81664836681432,2.4304177857143796,86.69265329631125,20703.0,127.0,0.0,20403.0,127.0,0.0,113.04161540582989,0.5365849335786685,13.262
0,229409648,h229,Survivor,210139.44182357317,7.04,7.017670915411356e-06,229208840,1.949,6.146939640671652e-09,2.595307606280711,-1,193.6677634507096,-63.34175048767915,183.01646167805947,232991.97058303107,1.9488370356047835,7.443836885925717,0.7909224060729987,114.23875736656966,124.73949419875134,-16.840142112687317,-6.023150201992394,126.01511868697179,1.6186115889458825,125.87109199230686,152.6774373534099,-75.96760559072209,-17.283258917639614,171.4064993365365,1.6717999674817592,170.53292050508,32670.0,93.0,0.0,20082.0,93.0,0.0,114.23875736656966,0.7909224060729987,7.444
0,229409667,h229,Survivor,1252433.2418901867,9.706,3.377012094954253e-05,229288027,9.06,1.8324402890656734e-09,4.534719318139242,-1,194.51987096438245,-184.65285608124356,61.166191160146255,1252433.2418901867,9.706483883092373,10.35295445371149,0.2837673743772603,55.26923408045792,-31.662014457360783,128.6409392986734,-4.307641703609988,132.5501044895468,1.6033002642447136,132.4800906670243,-21.753482699517917,-60.14612770270833,-81.05389443812237,103.24971908327407,2.4735372461291405,63.95913294587979,49550.0,552.0,282.0,13211.0,552.0,0.0,55.26923408045792,0.2837673743772603,10.353
0,229409689,h229,Survivor,6768.573258930633,8.414,2.0860014954239195e-07,229249682,0.935,1.0137321732345217e-08,2.918542891591393,-1,131.02061898800508,-63.95145836876233,114.35302170257005,8264.888340762283,1.3023664649288766,9.383248597782785,0.44354989450994076,81.16638842977294,-90.3446408880518,60.309638346516294,-93.43713190354356,143.28260268797055,2.281170882291463,108.62507360033695,10.951765356341639,169.65089272583646,-137.4349345025621,218.6086178283399,2.2506513842102995,170.00401926746804,13141.0,3.0,0.0,9164.0,3.0,0.0,81.16638842977294,0.44354989450994076,9.383
0,229409691,h229,Survivor,1056620.257110442,9.06,2.974022084756787e-05,229268850,4.282,3.3471364126713434e-09,3.8882487475201,-1,228.84427478090856,-177.74435418840562,144.141065120758,1127005.5848574631,4.211484032829669,9.383248597782785,0.26461314563199584,48.42227137878238,43.60126956579916,82.14138725632256,44.75008283665011,103.20294628560602,1.122298457817784,92.9961193176502,-138.93170387537975,-61.73408916904373,32.74936715343938,155.51732108096004,1.3586246169872707,152.0299842374775,22705.0,467.0,0.0,8607.0,466.0,0.0,48.42227137878238,0.26461314563199584,9.383
0,229013922,h229,Zombie,1363697.0885058802,0.477,0.5205045033859461,229013922,0.477,0.29159996592096366,3.565013462210532,0.47744308048675127,52.49555981223554,-52.41515361132051,2.904388386850712,1409475.3370068553,0.3326606089308012,0.47744308048675127,0.9528117431650781,3.498701844104686,0.6502880101170376,-3.4371840613048334,-0.061691381501532305,3.498701844104686,1.5884298895977929,3.4981579105852387,0.6502880101170376,-3.4371840613048334,-0.061691381501532305,3.498701844104686,1.5884298895977929,3.4981579105852387,10176,84,1279,10176,84,1279,3.498701844104686,0.9528117431650781,-0.477
0,22901396,h229,Zombie,1205448.6975737899,0.477,0.46010325971681176,22901396,-1,0.29159996592096366,3.565013462210532,0.47744308048675127,56.53424891161109,-53.77604299387326,17.44300719259996,1205448.6975737899,0.47744308048675127,0.47744308048675127,2.615404622126664,9.603702977167355,-8.248867871817765,3.701724444439151,-3.237981754795328,9.603702977167355,1.9146946535634333,9.041381809727188,-8.248867871817765,3.701724444439151,-3.237981754795328,9.603702977167355,1.9146946535634333,9.041381809727188,26921,400,5219,26921,400,5219,9.603702977167355,2.615404622126664,-0.477
0,2290192184,h229,Zombie,6049.885253707847,0.642,0.0005481560623365139,2290188150,-1,0.29159996592096366,3.565013462210532,0.6558958942651286,56.034450117762375,-48.68736687172972,27.738058819924568,6049.885253707847,0.6424277573762137,0.6558958942651286,1.1352189236277428,9.015443664855619,-3.980837450254512,-6.382455540325282,6.025134088778941,9.637688847298596,0.8954549568198522,7.522154314395426,-3.571627664834523,-5.937251560494133,5.76807976759892,9.015443664855619,0.8765584797616002,6.9287430511458075,2911.0,2.0,891.0,2516.0,2.0,676.0,9.015443664855619,1.1352189236277428,-0.656
0,2290192210,h229,Zombie,15371.664929291903,0.642,0.0013927654766729297,2290188190,-1,0.29159996592096366,3.565013462210532,0.6558958942651286,90.99421190383485,-52.86723903876173,74.06079689294754,15371.664929291903,0.6424277573762137,0.6558958942651286,0.4890976582376661,3.884213249690693,-1.8192147546246815,-0.42935608933294134,4.091830559956634,4.49855157870691,0.428503808731622,1.869194739691777,-0.886439785319908,0.19631094760097767,3.776612117748755,3.884213249690693,0.2359280570427339,0.9079171113851735,2175.0,5.0,891.0,2044.0,5.0,745.0,3.884213249690693,0.4890976582376661,-0.656
0,229019233,h229,Zombie,2372275.5982257356,0.642,0.21494246521509533,229018826,-1,0.29159996592096366,3.565013462210532,0.6558958942651286,27.77959862920989,-5.3264840370159945,27.26416453521754,2372275.5982257356,0.6424277573762137,0.6558958942651286,0.37506402295819274,2.978604830589054,3.2962070053281423,0.5462170521122971,1.0699922040953425,3.508306857562117,1.260870284703646,3.3411575374400657,2.6645745527089275,0.8964127462591023,0.9841612562017872,2.978604830589054,1.2340582334209067,2.8113187934846118,18122,816,8057,12792,823,6108,2.978604830589054,0.37506402295819274,-0.656
0,229019294,h229,Zombie,6063.893194440862,0.656,0.0004509404009555199,229019294,-1,0.29159996592096366,3.565013462210532,0.6558958942651286,73.44246591720625,-63.98701269253017,36.04799587613692,6209.1366321718615,0.6424277573762137,0.6558958942651286,0.9983450353134863,7.928447312342769,-4.003433741495428,-2.949634087900904,6.175148079968949,7.928447312342769,0.6779506562343985,4.972707811147874,-4.003433741495428,-2.949634087900904,6.175148079968949,7.928447312342769,0.6779506562343985,4.972707811147874,4266.0,2.0,2193.0,4266.0,2.0,2193.0,7.928447312342769,0.9983450353134863,-0.656
0,229022512,h229,Zombie,4054034.9423787314,0.767,0.07693851066922008,229022512,-1,0.29159996592096366,3.565013462210532,0.7670080235976816,66.70473896208574,-39.888801982680086,53.46405966989915,4054034.9423787314,0.7670080235976816,0.7670080235976816,0.9360869695297406,9.51730394175131,4.724652959348532,8.22120159879023,-0.8176631368987728,9.51730394175131,1.6568156840554404,9.48211481233126,4.724652959348532,8.22120159879023,-0.8176631368987728,9.51730394175131,1.6568156840554404,9.48211481233126,53437,1328,15126,53437,1328,15126,9.51730394175131,0.9360869695297406,-0.767
0,22902252,h229,Zombie,8511230.210934075,0.767,0.16152830098891727,22902252,-1,0.29159996592096366,3.565013462210532,0.7670080235976816,82.89975814198735,-82.80805313258068,3.898235035460633,8511230.210934075,0.7670080235976816,0.7670080235976816,2.5064380593417313,25.483244183937632,-9.664846616240993,-8.79835620951917,21.87636628951759,25.483244183937632,0.538535323565,13.069825251511574,-9.664846616240993,-8.79835620951917,21.87636628951759,25.483244183937632,0.538535323565,13.069825251511574,175570,2508,34087,175570,2508,34087,25.483244183937632,2.5064380593417313,-0.767
0,229022587,h229,Zombie,56772.21170055943,0.767,0.0010774375351278493,229022587,-1,0.29159996592096366,3.565013462210532,0.7670080235976816,101.62496592865358,82.83998781644618,58.8656956008425,56772.21170055943,0.7670080235976816,0.7670080235976816,0.4738977397833023,4.818172855341049,0.2725104126466249,-2.5097222861718365,4.10387887068282,4.818172855341049,0.551479966149118,2.524473782535367,0.2725104126466249,-2.5097222861718365,4.10387887068282,4.818172855341049,0.551479966149118,2.524473782535367,7027.0,19.0,1476.0,7027.0,19.0,1476.0,4.818172855341049,0.4738977397833023,-0.767
0,229027510,h229,Zombie,16791569.98124221,0.935,0.14588215206716673,229027510,-1,0.29159996592096366,3.565013462210532,0.9353597347076276,123.16230470399617,-115.44105098468813,42.92222090654947,16791569.98124221,0.9353597347076276,0.9353597347076276,0.4817899898452406,7.520129152860967,-2.7407888618154175,-4.944694052523118,4.9588728172439005,7.520129152860967,0.8507583114969268,5.653487672057749,-2.7407888618154175,-4.944694052523118,4.9588728172439005,7.520129152860967,0.8507583114969268,5.653487672057749,80042,5445,25651,80042,5445,25651,7.520129152860967,0.4817899898452406,-0.935
0,229027535,h229,Zombie,4054034.9423787314,0.767,0.07693851066922008,229022512,-1,0.29159996592096366,3.565013462210532,0.9353597347076276,66.70473896208574,-39.888801982680086,53.46405966989915,6859214.868656842,0.9353597347076276,0.9353597347076276,0.2982394630172197,4.655138810770686,4.724652959348532,8.22120159879023,-0.8176631368987728,9.51730394175131,1.6568156840554404,9.48211481233126,0.4691970962007872,-4.598537672311068,0.5510196990999248,4.655138810770686,1.452150111298907,4.622412209955682,53437,1328,15126,19857,2327,7176,4.655138810770686,0.2982394630172197,-0.935
0,229028818,h229,Zombie,3255446.7817412172,0.935,0.028282738480741376,229027518,-1,0.29159996592096366,3.565013462210532,0.9791311795963158,94.19924681227552,-81.42804685483166,47.36001779357075,3585341.579487919,0.9791311795963158,0.9791311795963158,1.337046286254203,22.50622331710826,15.54076509168226,15.709342693673534,-6.328072546321891,22.98572012475652,1.8497027708796132,22.09748464197053,13.149697949105303,17.177797390492287,-6.207963326086883,22.50622331710826,1.8502527371151134,21.633106095554282,45271.0,1073.0,26335.0,45631.0,1215.0,26369.0,22.50622331710826,1.337046286254203,-0.979
0,229028831,h229,Zombie,59668.677046128156,0.935,0.0005183907775278782,2290275130,-1,0.29159996592096366,3.565013462210532,0.9791311795963158,80.89886525780199,21.453937358153354,78.00227542727477,6651549.010949161,0.9791311795963158,0.9353597347076276,0.28060078628442114,4.37982149428012,2.1627661109159817,3.7009150234143817,-0.8991702067446568,4.37982149428012,1.7775648864696765,4.286528812577949,0.30637444574995243,5.840934353034299,-4.462492581781589,7.356916436926582,2.2225368080439254,5.848963961033165,4451.0,54.0,2049.0,27169.0,2310.0,10352.0,4.37982149428012,0.28060078628442114,0.935
0,229028858,h229,Zombie,1181892.0444591504,0.979,0.007295686149830157,229028858,-1,0.29159996592096366,3.565013462210532,0.9791311795963158,132.0134470423373,-121.76877708028367,50.989362894354514,1181892.0444591504,0.9791311795963158,0.9791311795963158,1.1805383126062308,19.8717569997921,0.9765382383156975,-5.609407670692235,19.03858305945778,19.8717569997921,0.2905988636801929,5.69377566706958,0.9765382383156975,-5.609407670692235,19.03858305945778,19.8717569997921,0.2905988636801929,5.69377566706958,12668.0,408.0,5761.0,12668.0,408.0,5761.0,19.8717569997921,1.1805383126062308,-0.979
0,22902887,h229,Zombie,5708232.460232177,0.979,0.03523627449339871,22902887,-1,0.29159996592096366,3.565013462210532,0.9791311795963158,127.83811403489963,-122.21542217419886,37.49631958982565,5708232.460232177,0.9791311795963158,0.9791311795963158,1.08977893600798,18.344023204154897,-2.5552616189711443,-5.737517373810533,17.235275447709228,18.344023204154897,0.34945897293864914,6.280801505872064,-2.5552616189711443,-5.737517373810533,17.235275447709228,18.344023204154897,0.34945897293864914,6.280801505872064,122061.0,1901.0,37502.0,122061.0,1901.0,37502.0,18.344023204154897,1.08977893600798,-0.979
0,22902888,h229,Zombie,6854403.239280721,0.935,0.059549827490785766,22902757,-1,0.29159996592096366,3.565013462210532,0.9791311795963158,79.1069232115622,-71.97642143300459,32.822249430813194,8162420.965879272,0.9791311795963158,0.9791311795963158,1.0931286834891,18.400408809979524,-12.71712025402121,-9.24176969268592,-15.781266748227154,22.275184281764865,2.358122132908027,15.72054244000138,-10.230765720102227,-6.4554452182792375,-13.86483696941832,18.400408809979524,2.4241765618022004,12.09716248488971,99103.0,2278.0,33285.0,93047.0,2701.0,33823.0,18.400408809979524,1.0931286834891,-0.979
0,229034713,h229,Zombie,14286608.62026287,1.178,0.02348660403928769,229034713,-1,0.29159996592096366,3.565013462210532,1.177786198707049,131.96665374252694,-127.71078644698959,33.24383740020728,14286608.62026287,1.177786198707049,1.177786198707049,1.1016947459252076,25.790722877275538,-20.903345366235044,-3.3479542725854117,-14.731012905465832,25.790722877275538,2.1787327983300155,21.169757800017997,-20.903345366235044,-3.3479542725854117,-14.731012905465832,25.790722877275538,2.1787327983300155,21.169757800017997,76999.0,5011.0,30669.0,76999.0,5011.0,30669.0,25.790722877275538,1.1016947459252076,-1.178
0,229034741,h229,Zombie,8964133.297139872,1.178,0.014736670885399025,229034741,-1,0.29159996592096366,3.565013462210532,1.177786198707049,62.0750900120169,-39.23032507275792,48.1071553377015,8964133.297139872,1.177786198707049,1.177786198707049,0.3164180285213591,7.4073600851340125,1.9712521767341968,5.222030451750015,-4.869655660059834,7.4073600851340125,2.2881697363539963,5.581705580132632,1.9712521767341968,5.222030451750015,-4.869655660059834,7.4073600851340125,2.2881697363539963,5.581705580132632,17757.0,3160.0,10112.0,17757.0,3160.0,10112.0,7.4073600851340125,0.3164180285213591,-1.178
0,229034785,h229,Zombie,11396920.217477407,1.178,0.0187360737268044,229034785,-1,0.29159996592096366,3.565013462210532,1.177786198707049,29.081812185625573,3.743986507221077,28.839805218373904,11396920.217477407,1.177786198707049,1.177786198707049,0.3929952174408066,9.200035474979545,3.2065165521262315,7.877225561363957,3.508307540284477,9.200035474979545,1.1795549249470099,8.504847496790594,3.2065165521262315,7.877225561363957,3.508307540284477,9.200035474979545,1.1795549249470099,8.504847496790594,9737.0,4061.0,113.0,9737.0,4061.0,113.0,9.200035474979545,0.3929952174408066,-1.178
0,229038413,h229,Zombie,7518475.86261315,1.178,0.012360068806930606,22903479,-1,0.29159996592096366,3.565013462210532,1.3023664649288766,165.6776855825793,-140.68268785001123,87.50701022944567,11049059.744412264,1.3023664649288766,1.3023664649288766,0.39083054233203346,10.459173367746736,14.717043772597208,5.593992092778535,5.923858560058761,16.82189719318818,1.2109273216300362,15.744336281298455,-6.235111803542168,-5.967946908344857,-5.907732054950429,10.459173367746736,2.171032497103737,8.630933292726443,102355.0,2580.0,32674.0,59429.0,3833.0,22430.0,10.459173367746736,0.39083054233203346,-1.302
0,229057615,h229,Zombie,9827990.19372304,1.949,0.003179539011679277,229057615,-1,7.1257777732370215e-12,1.9488370356047835,1.9488370356047835,131.60048974073007,102.24705641886119,82.85063882480459,9827990.19372304,1.9488370356047835,1.9488370356047835,0.5102209789175031,19.50187661548527,-15.929971699038106,-9.39392229970963,-6.18978327734294,19.50187661548527,1.8937767035179953,18.493506279371054,-15.929971699038106,-9.39392229970963,-6.18978327734294,19.50187661548527,1.8937767035179953,18.493506279371054,83726,3575,12802,83726,3575,12802,19.50187661548527,0.5102209789175031,-1.949
0,229057632,h229,Zombie,1613922.1468924833,1.626,0.0008426831512200645,229048016,-1,0.29159996592096366,3.565013462210532,1.9488370356047835,182.57768237109377,-143.0655756822391,113.43214339290923,3636263.527561394,1.9488370356047835,1.625601750266745,0.6763444074153384,21.6418481630293,21.58713131573495,-0.43363535786193097,-1.4755723788557589,21.6418481630293,1.6390307038688954,21.591486240330337,-22.99006812425978,-3.464770022475932,11.332382925770617,25.864469189276836,1.1172625291224836,23.249685238014585,61139.0,577.0,21088.0,30804.0,1301.0,17023.0,21.6418481630293,0.6763444074153384,1.626
0,229067219,h229,Zombie,765076.178574254,2.154,0.0001861008723632935,229063719,-1,0.9998751559908022,2.595307606280711,2.2720723209428715,183.3056447576015,-162.60506496480184,84.62004637077773,840008.834928848,2.2720723209428715,2.2720723209428715,0.4409199382212954,19.961771669257455,-11.37928531198304,1.7239679328313287,-38.55245545165326,40.23371746429421,2.8514833379971605,11.509135486427466,-2.96677669901419,-7.788204970329389,-18.138754850702753,19.961771669257455,2.710894763136793,8.334140666060115,61586.0,283.0,16156.0,55346.0,315.0,15026.0,19.961771669257455,0.4409199382212954,-2.272
0,22911062,h229,Zombie,2749642880.169229,3.565,0.18193497181753365,22910562,-1,3.5628321312478085e-11,3.565013462210532,3.7333651733092665,105.81315277412351,-86.39919692834425,61.086840400672145,2977822543.681862,3.7333651733092665,3.7333651733092665,0.4517105957223367,38.5075334942134,-48.15622406339935,-40.714093511908686,21.949443337074626,66.77153127904299,1.235843544704452,63.06075900701457,-18.057359942573385,-22.730963256108225,25.299509820582898,38.5075334942134,0.8539617803071141,29.03041402815668,2585805,1054406,728703,1649795,1145963,624709,38.5075334942134,0.4517105957223367,-3.733
0,22912696,h229,Zombie,5945743.973957369,3.888,0.00033798009137626835,229115244,-1,8.555041383702622e-09,3.8882487475201,4.2821917514911405,260.32221207572746,25.894116223891903,259.0311735003793,68105564.19472978,4.2821917514911405,3.8882487475201,0.30966342314247286,27.87459234810913,21.52637138213504,-0.679758151896749,17.69593632862052,27.87459234810913,0.8829935069958337,21.537101384045915,-18.70807733188667,18.615572534439707,-40.21140870405179,48.09874310421355,2.5607815467416244,26.39188697764596,2296.0,2046.0,23455.0,122039.0,26226.0,94097.0,27.87459234810913,0.30966342314247286,3.888
0,229249610,h229,Zombie,36213271.45667072,7.767,0.0011578062436081885,229230410,8.414,1.2289796496560806e-09,5.181189888758382,8.413542741855249,132.69133242227994,-104.5435911822324,81.71675007440187,36445788.36356464,8.413542741855249,8.413542741855249,0.3818229355102401,60.62316849621271,11.053850068028623,80.51732879377232,-124.8269782856114,148.95302059819866,2.5644574344830207,81.27255279250735,-29.58596671244959,0.9130315289712598,-52.90562829829287,60.62316849621271,2.6314943666526798,29.60005156892588,130814.0,15680.0,6663.0,131712.0,15866.0,6814.0,60.62316849621271,0.3818229355102401,-8.414
0,22927842,h229,Zombie,1883488599.9825335,9.06,0.05301371665970438,22926882,-1,1.4937117300847048e-09,8.413542741855249,9.383248597782785,138.63895772833843,-129.47745434324807,49.56157197660421,1979958380.502353,9.383248597782785,9.383248597782785,0.51826952255649,94.83953417599169,81.32832178541503,128.2338467891077,-38.129104983774596,156.5632269520147,1.816808412705608,151.84931803193706,35.840452643133176,81.56198404032511,-32.52140766418597,94.83953417599169,1.9208091154582176,89.08925460603494,3317444.0,780304.0,779171.0,2296295.0,820694.0,702053.0,94.83953417599169,0.51826952255649,-9.383
0,242409610,h242,Survivor,360592993.1663487,11.323,0.009154060410247413,24233604,-1,1.0,11.322660309795229,-1,204.67027361099605,118.33183155745283,166.9955045510465,365670956.3938514,13.80079749716859,13.80079749716859,0.3555772693093427,75.75428594027744,-48.82500389376219,29.554442823788122,58.035992408804304,81.3973126750831,0.7770338805631166,57.07316441069701,-1.8664299085758103,-66.55512643434122,-36.13368820126925,75.75428594027744,2.0680179060192905,66.5812917815115,358022.0,155967.0,33863.0,209099.0,160009.0,23952.0,81.3973126750831,0.41400931411904784,11.323
0,2424096102,h242,Survivor,167124.83058961472,13.585,4.0725101272741985e-06,242403290,13.585,1.0,13.585307306962205,-1,201.62914422275367,192.13155250506117,61.15372704909262,167124.83058961472,13.585307306962205,13.585307306962205,0.571673415248235,121.15266375616751,-18.58566450876242,29.9186697828045,-115.91986114730389,121.15266375616751,2.84661346169022,35.22149523806126,-38.08629139160621,44.507696365752054,-150.65098148275138,161.63916248690666,2.770744499693565,58.57901183659825,18631.0,74.0,0.0,15131.0,74.0,0.0,121.15266375616751,0.571673415248235,13.585
0,2424096131,h242,Survivor,36126.66212790055,12.616,8.964423607280748e-07,2423744120,1.178,1.7495282733801304e-08,8.736778027318671,-1,190.88850803544986,-134.7834424447244,135.17339288021765,43573.57347472239,2.272072320943119,13.585307306962205,0.477400727364631,101.1737965359856,175.17278715052453,27.6548080580651,84.24038086211294,196.33322575306818,1.1273351766269288,177.3423067595868,-54.0560218078208,-95.44193738308968,15.429061280141468,110.76674969101319,1.4310486491889824,109.68690398185738,12848.0,16.0,0.0,11822.0,16.0,0.0,101.1737965359856,0.477400727364631,13.585
0,242409621,h242,Survivor,6074566.87932451,8.414,0.00017276759125944686,242249619,10.999,1.7934401145098888e-09,8.608830726883626,-1,171.26140166423957,-29.365572724686633,168.7250154498471,6315378.764185154,10.767099663169395,8.736778027318671,1.030668780149979,173.77552660748594,-90.61466716000723,-32.9379863043614,-146.59964077264522,175.4633395355674,2.5598386310642285,96.4153973507613,124.27992519571853,-25.196040198763512,180.1075067441816,220.27041161707697,0.6134522481766017,126.80828146596384,118501,2322,3469,95581,2467,11,173.77552660748594,1.030668780149979,8.737
0,242409627,h242,Survivor,13566829.52725198,5.181,0.0007127380053831584,242153616,2.919,3.1202145554091012e-09,11.322660309795229,-1,193.11943610108227,-100.35877399792507,164.99464561504232,13906625.438405035,3.241778176942656,9.706483883247378,0.4715193596228335,84.67544313610705,24.353528800613276,81.33731503314993,76.18768665307834,114.07636380684576,0.8394588849698353,84.90496559002999,-3.3358542962378124,82.27779097535313,56.48464890791365,99.85628860477391,0.9695636622589199,82.34538731264568,176898,4359,1474,73623,4359,0,100.4840093992712,0.7673351514419521,5.504
0,24240964,h242,Survivor,378336384.7615009,13.801,0.0091828426397609,24240964,-1,1.0,13.80079749716859,-1,131.96074946740794,29.334826926547375,128.65887971372018,378336384.7615009,13.80079749716859,13.80079749716859,0.49741062634715727,105.97130376535291,-75.42334715262041,64.57943961986894,-37.023396716234856,105.97130376535291,1.9276970142145076,99.29343038349009,-75.42334715262041,64.57943961986894,-37.023396716234856,105.97130376535291,1.9276970142145076,99.29343038349009,323422.0,163865.0,51219.0,323422.0,163865.0,51219.0,105.97130376535291,0.49741062634715727,-13.801
0,2424096418,h242,Survivor,466648.0815588224,4.211,4.260552661213479e-05,2421248390,2.595,4.1783982050041075e-09,10.999425024485655,-1,219.55574280806232,-72.60022731749773,207.2050462547852,493143.8947585652,2.595307606281271,13.262072021652632,0.29597474889793507,62.26847810954582,-49.43493075292827,-66.10245622816001,-34.24487400739417,89.36474972675146,1.964058259694872,82.54300150795719,-62.579775887592405,-65.749080614798,-91.89573218888472,129.16654189984231,2.3623579074168863,90.76987359158598,3937.0,199.0,0.0,3019.0,199.0,0.0,76.28036757013415,0.743800891127114,4.535
0,242409648,h242,Survivor,11219567.624839285,9.06,0.0003011766546478586,242268814,13.262,1.55357065205472e-09,12.150950728400995,-1,201.61192821854564,-155.24137555812416,128.6370277751373,11661695.372019688,12.938836736343061,13.262072021652632,0.24985794720175564,52.5662211852868,36.733346236305806,-98.10808129582438,88.57054036477712,137.18336255454966,0.8689402705170575,104.75941170732301,60.3777806256403,1.753351928658958,-103.42832546815407,119.77465986347065,2.6130130702708283,60.40323365734386,221956.0,4836.0,6596.0,33119.0,4951.0,902.0,59.05195023070907,0.32883368218701603,9.706
0,242409671,h242,Survivor,284588.22446344176,11.646,7.184324835719064e-06,242345659,3.289,3.2371933549198208e-09,12.6156014510335,-1,185.69217323301484,-92.59649781534048,160.957981449612,315673.3833160136,3.241778176942656,12.6156014510335,0.6356642526606531,131.2534685950727,-118.24054942942166,108.78728114821934,-72.64392027699796,176.3310500796841,1.9954164138578498,160.67202640470188,166.78866978740916,-119.89775867191202,-4.18772389059086,205.45430133094146,1.59118048953685,205.41161823032735,32481.0,126.0,0.0,25562.0,126.0,0.0,131.2534685950727,0.6356642526606531,12.616
0,242022521,h242,Zombie,1263784.6210521606,0.767,0.22320302195368924,242022521,-1,1.384537038146759e-07,0.6424277573762386,0.7670080235986003,54.47088212981318,-50.8570628459687,19.509898992080682,1263784.6210521606,0.7670080235986003,0.7670080235986003,1.7533858044276434,12.680705844181889,9.023311949500112,-1.7760102734173415,-8.730746226834981,12.680705844181889,2.330223778727215,9.19643251643133,9.023311949500112,-1.7760102734173415,-8.730746226834981,12.680705844181889,2.330223778727215,9.19643251643133,39267,390,7681,39267,390,7681,12.680705844181889,1.7533858044276434,-0.767
0,2420225497,h242,Zombie,8172.111994059345,0.767,0.0014433156270721472,2420225500,0.767,7.611289042696137e-09,0.6424277573762386,0.7670080235986003,64.51698536044597,60.468478870423056,22.49454296262096,8661.33949358346,0.6424277573762386,0.7670080235986003,0.401607516731049,2.904475884097388,-2.0739104970962217,-0.9384992293626055,1.8039109201463361,2.904475884097388,0.9006768018976276,2.2763755299774466,-2.0739104970962217,-0.9384992293626055,1.8039109201463361,2.904475884097388,0.9006768018976276,2.2763755299774466,1087.0,3.0,0.0,1087.0,3.0,0.0,2.904475884097388,0.401607516731049,-0.767
0,242034732,h242,Zombie,2215511.357763181,0.979,0.21235125233839117,242028827,-1,5.610062244344096e-09,0.33266060893086336,1.1777861987084002,92.07074942673162,-82.63241808798458,40.60672827171036,2257955.3504147884,1.1777861987084002,0.9791311795983731,0.7501326754390659,8.891166996425646,-2.009449139109165,7.37838374929197,-4.535903213677102,8.891166996425646,2.1061652345901565,7.647119235011467,1.285237405695625,-7.482752851220539,5.8393609181948705,9.578181526489773,0.9151743859661997,7.5923267462253206,44381,196,4847,35761,209,3967,8.891166996425646,0.7501326754390659,0.979
0,242034747,h242,Zombie,1674968.8474841614,1.178,0.0768919902686088,242034747,-1,5.087875331471386e-08,0.9791311795983731,1.1777861987084002,122.02303102283601,-107.59408295358382,57.559824646860434,1674968.8474841614,1.1777861987084002,1.1777861987084002,0.43038040048374,6.549425491931124,-0.44294093738699303,1.7168311376453858,-6.304860699900928,6.549425491931124,2.8674534532883937,1.7730498665299927,-0.44294093738699303,1.7168311376453858,-6.304860699900928,6.549425491931124,2.8674534532883937,1.7730498665299927,15802.0,563.0,8620.0,15802.0,563.0,8620.0,6.549425491931124,0.43038040048374,-1.178
0,242048015,h242,Zombie,33434521.607247353,1.626,0.3046541929109547,242048015,-1,2.1773777375563912e-08,0.24848475337504736,1.6256017502673068,132.83007001428555,-99.06912406130962,88.48240592188283,33434521.607247353,1.6256017502673068,1.6256017502673068,1.091627946209352,26.13012476953841,-17.918576731418398,-16.619633304691888,9.246394822280308,26.13012476953841,1.2091018586888531,24.439468146057365,-17.918576731418398,-16.619633304691888,9.246394822280308,26.13012476953841,1.2091018586888531,24.439468146057365,115790,10607,39922,115790,10607,39922,26.13012476953841,1.091627946209352,-1.626
0,242048023,h242,Zombie,1293948.7933804863,1.545,0.014023076301622391,242045626,-1,1.1880071678707596e-08,0.4774430804867873,1.6256017502673068,89.78364049201836,-73.54236318229492,51.50362043161074,1417648.3300034765,1.6256017502673068,1.6256017502673068,1.0530805462966553,25.207421780156633,15.80787422094454,1.9887790349066563,-27.283437657802097,31.594779629901847,2.613049391740872,15.932486605514132,13.814108363027117,4.927566224973816,-20.501307617704697,25.207421780156633,2.5206053855380444,14.666645791282967,57111,346,15183,68467,386,21885,25.207421780156633,1.0530805462966553,-1.626
0,242048046,h242,Zombie,2134066.0593938665,1.545,0.023127786305514954,242045638,-1,1.3923392057370586e-07,0.9353597347097179,1.6256017502673068,102.2349040201046,-83.20079037067805,59.410471145198684,2325887.4248742666,1.6256017502673068,1.6256017502673068,0.3971010963934081,9.50534587439949,9.95945871659842,3.173201209114268,-12.684501333408662,16.436441157330822,2.452353976046052,10.452751974535337,7.555163109354908,-1.7462541499980944,-5.49742730980779,9.50534587439949,2.187502338548272,7.754346727181016,31258.0,801.0,15419.0,21521.0,875.0,10394.0,9.50534587439949,0.3971010963934081,-1.626
0,24204805,h242,Zombie,79065236.06383073,1.545,0.8568637675624462,24204563,-1,4.3374557777728504e-08,0.7670080235986003,1.6256017502673068,82.46280676765738,-72.25018213136042,39.7495368776197,89011754.98683313,1.6256017502673068,1.6256017502673068,1.0816467411686455,25.891206249753655,-28.285342772564945,-7.764500151297398,8.752946880729723,30.609837592804464,1.2807964730200323,29.33169068364436,-24.26200023870024,-5.918982022521959,6.831951207499515,25.891206249753655,1.3037625670648436,24.973566100291507,517188.0,27825.0,113367.0,399596.0,31245.0,95196.0,25.891206249753655,1.0816467411686455,-1.626
0,242063745,h242,Zombie,1169110.730369907,2.154,0.001922315340703325,242063745,-1,6.055496936386122e-08,1.6256017502673068,2.1542261231636015,186.13092864970076,-160.12594884065726,94.89153338353853,1169110.730369907,2.1542261231636015,2.1542261231636015,0.4618031591935123,18.44394015475167,17.193967379698734,-3.6170888442029536,-5.609196241090103,18.44394015475167,1.8798122969048268,17.57031149299869,17.193967379698734,-3.6170888442029536,-5.609196241090103,18.44394015475167,1.8798122969048268,17.57031149299869,21181.0,433.0,10496.0,21181.0,433.0,10496.0,18.44394015475167,0.4618031591935123,-2.154
0,24206726,h242,Zombie,110676963.3706625,2.272,0.13216956395066523,24206726,-1,2.907356139797182e-08,0.4774430804867873,2.272072320943119,112.66674930963438,-98.34967628845475,54.96487582043792,110676963.3706625,2.272072320943119,2.272072320943119,0.9111177674669777,39.62432227678308,-11.370265792204918,-14.054577416626671,35.26007409732756,39.62432227678308,0.47375951026097063,18.078000181030482,-11.370265792204918,-14.054577416626671,35.26007409732756,39.62432227678308,0.47375951026097063,18.078000181030482,363848,40492,126845,363848,40492,126845,39.62432227678308,0.9111177674669777,-2.272
0,242077612,h242,Zombie,29736682.777557183,2.595,0.018973066229661308,242076812,2.622,7.819983702715839e-09,0.9353597347097179,2.6222438800593975,144.1694978142048,-73.48813946968137,124.0336142232607,29736682.777557183,2.595307606281271,2.6222438800593975,0.7045554335591356,36.592326696509396,0.20247688567087607,35.69544495492573,-15.41571391463367,38.8825156454311,1.9784638110114607,35.69601920970129,-0.9410607629861261,34.71165722596197,-11.541820927902336,36.592326696509396,1.8916917761261245,34.72441133744832,227313.0,10831.0,55910.0,212965.0,10827.0,52054.0,36.592326696509396,0.7045554335591356,-2.622
0,242077636,h242,Zombie,3094250.4206984052,2.622,0.0018914199786245122,242077636,-1,7.194924269912975e-09,1.1777861987084002,2.6222438800593975,138.30934133311462,-118.43211974841905,71.43743354779858,3130330.864076524,2.272072320943119,2.6222438800593975,0.9377278749961877,48.70254790449213,14.415838296396942,-31.3691493999695,34.35255804920325,48.70254790449213,0.7878732977482747,34.52303474298677,14.415838296396942,-31.3691493999695,34.35255804920325,48.70254790449213,0.7878732977482747,34.52303474298677,33332.0,1234.0,5634.0,33332.0,1234.0,5634.0,48.70254790449213,0.9377278749961877,-2.622
0,242096011,h242,Zombie,76284656.43985589,2.919,0.027636062772518365,242086410,-1,1.061732665798977e-08,0.4774430804867873,3.241778176942656,184.2176085503229,-158.3165340207154,94.19130721923155,91727953.65436694,3.241778176942656,3.241778176942656,0.4130878661220842,28.8540730411088,24.185370942735062,26.12568388746149,-10.578581515248516,37.140138840613076,1.859624161900208,35.60173487662165,-16.54021507284233,-19.163206168253964,13.847394908745628,28.8540730411088,1.0702427522845201,25.31416965462006,271237,29865,56985,199678,35742,57135,28.8540730411088,0.4130878661220842,-3.242
0,242097419,h242,Zombie,29736682.777557183,2.595,0.018973066229661308,242076812,3.242,7.819983702715839e-09,0.9353597347097179,3.2889166560540675,144.1694978142048,-73.48813946968137,124.0336142232607,33908500.98550911,3.241778176942656,2.9185428916168834,0.38939758640352945,23.87557852168853,0.20247688567087607,35.69544495492573,-15.41571391463367,38.8825156454311,1.9784638110114607,35.69601920970129,2.1050046063592163,-31.938643358806075,-5.744115143346789,32.519268792115035,1.7483652819935234,32.00793626577321,227313.0,10831.0,55910.0,74118.0,13174.0,2918.0,23.87557852168853,0.38939758640352945,2.919
0,24209745,h242,Zombie,226502370.17377368,3.242,0.0529806101032902,24209605,-1,6.9962196632272565e-09,0.9791311795983731,3.2889166560540675,150.05919198769533,-131.34329447660573,72.57203384246328,227400315.0925567,3.2889166560540675,0.24848475337504736,31.84912835905111,56.7575550391116,-31.031049837471073,-23.3672778418113,52.114987138851575,64.99944316865094,0.6405354051383444,38.84527934964579,-27.04855989351381,-16.206880028586966,47.42420912161106,56.95035700840085,0.5867780740054367,31.532325518014286,608996,87500,108415,578249,88182,99915,56.7575550391116,31.84912835905111,-0.248
0,242110615,h242,Zombie,97915302.41549058,3.565,0.017728192983962995,242105612,-1,2.769844001030835e-10,3.733365173378097,3.733365173378097,65.60487862956533,-13.032163411971725,64.29745575684674,97915302.41549058,3.56501346227067,3.733365173378097,0.4281677866274229,34.76319502328683,-7.931304083309442,-18.053964660713973,40.39826292383077,44.95409738494579,0.4541007366383229,19.71931095226783,-2.0748402866993274,-9.940224120964558,33.247055665679,34.76319502328683,0.29642573858102267,10.154458025434758,161572.0,38839.0,30694.0,119622.0,38738.0,20632.0,34.76319502328683,0.4281677866274229,-3.733
0,24211069,h242,Zombie,72650182.02518928,2.919,0.026319381702478693,24208647,-1,7.692102816008569e-08,0.7670080235986003,3.733365173378097,185.9077195815171,-124.5525424604486,138.0157395612477,102162412.45776463,3.733365173378097,3.241778176942656,0.44095314247342005,30.800454876770136,-17.397502155696202,-28.02774007750304,7.875284999116957,33.915297565064066,1.3364527972815996,32.988290272603145,-3.1580645973463106,35.114853567343744,-6.195594709237412,35.79681140629898,1.7447490084521338,35.256578294794956,338347.0,27556.0,82271.0,176219.0,40164.0,66028.0,30.800454876770136,0.44095314247342005,3.242
0,24212487,h242,Zombie,248416292.357749,3.733,0.03873111974007449,24211067,-1,3.1354341882009465e-10,4.211484032928712,4.211484032928712,130.37720122782204,112.65088827649552,65.63529515829518,249268154.06560576,4.211484032928712,3.733365173378097,0.4434970264339252,36.00778504055471,14.632631984482941,2.3494960392163193,-32.81655882470295,36.00778504055471,2.717406489838367,14.820055682473198,13.990910973636346,-18.395605634128515,-31.977214673717754,39.45486224545244,2.51576040450691,23.11155331254475,394626.0,98130.0,49167.0,205257.0,100479.0,38086.0,36.00778504055471,0.4434970264339252,3.733
0,24219202,h242,Zombie,1174525507.6537383,4.858,0.07114322072164526,24214402,-1,6.589855459599277e-10,3.56501346227067,6.474131030151756,162.5535991604,-48.04421089890966,155.29142410030596,2660349882.0568905,6.474131030151756,6.474131030151756,0.3724837060436292,55.11534493044446,-17.982178721589662,-74.30803563342124,38.96443421897129,85.80949857257957,1.0994562307365847,76.45288033339877,-6.165576640985819,52.968542287322634,-13.929121991070133,55.11534493044446,1.8262937854124195,53.326173755106,2347292,449075,643317,1519681,1046255,517625,72.08300054176142,0.5854827320336754,5.181
0,24220162,h242,Zombie,1421131678.5940762,3.888,0.16027775230059005,24211523,-1,7.767232972593805e-10,5.181189888913081,6.797366315461378,170.79479880839466,-103.29432559979125,136.01891632741498,3697649075.2922354,6.797366315461378,4.282191751594725,0.5223219360166235,50.860452416869,-65.08616434011856,-7.859227670676773,-44.79296674504076,79.40016447030055,2.1701900519439272,65.55895246332457,9.0124773396401,-79.98248112644069,12.265264818301148,81.41780367955171,1.4195746494092518,80.48864537895369,1612086,541531,344988,1274731,1488517,414621,50.860452416869,0.5223219360166235,4.282
0,24231954,h242,Zombie,261487659.59811625,5.828,0.010627750937866677,24217285,-1,5.821911215029007e-10,7.4438368860807245,10.767099663169395,201.26840710851766,-139.66945953752582,144.91864535833696,355332052.4836978,10.767099663169395,10.767099663169395,0.3760384702002499,72.13626572079072,22.74384914046277,119.02635413898861,14.348999497937257,122.02642926815429,1.4529343612469146,121.17984837977014,54.62146419979763,26.782835286510817,-38.76617359021111,72.13626572079072,2.1381497450118543,60.83440323792241,910285,105910,137986,393232,153329,40718,72.71485517086703,0.5051539748094981,6.151
0,24237444,h242,Zombie,229856279.157213,5.504,0.010551442223936686,24216326,-1,1.4902655566939857e-09,10.767099663169395,12.6156014510335,218.6862229313955,-121.69702719832749,181.6961685646936,363342398.8535205,12.6156014510335,10.029719168556952,0.41701647174564516,76.85505119158395,35.28960839255706,69.53767110186345,-85.45741092401295,115.68843176656245,2.4019150066419077,77.9797676501474,41.10731140910866,-50.84521288152246,44.7805000757362,79.24859564235686,0.9702859378782107,65.38384146142509,844640,93895,133894,362140,156864,62025,97.46200155608946,0.69974478378091,5.868
0,3294096116,h329,Survivor,532536.9077691452,4.858,5.2016085258489435e-05,329144034,4.211,8.212981912150265e-09,1.9488370356022409,-1,177.9350384269495,-135.06955612956608,115.83217561179617,561502.9166133892,3.8882487476290906,5.181189888976207,0.4617484364560252,46.94217670276093,-11.701947990241024,22.522472969738374,80.14027215159513,84.06343197830216,0.306713639263038,25.381043623911538,45.57896464044825,-44.024807694386254,-120.38282645455911,136.04282640187765,2.657052392989076,63.368964882053454,27520.0,223.0,1833.0,6269.0,223.0,0.0,46.94217670276093,0.4617484364560252,5.181
0,3294096119,h329,Survivor,1475408.2133452694,8.609,5.786466085477355e-05,329255466,8.609,1.0,8.608830726949147,-1,279.6967454226094,222.18840803828544,169.8899076855725,1475408.2133452694,8.608830726949147,8.608830726949147,0.29533159837653006,45.669059523972365,-22.449307071667135,38.83590595387432,8.57111536195589,45.669059523972365,1.3819978851825783,44.857540940807,60.71672346136984,5.1112508555161185,95.9717282964848,113.68033262357554,0.5656795648556775,60.931481134077735,12828.0,651.0,0.0,5619.0,627.0,0.0,45.669059523972365,0.29533159837653006,8.609
0,3294096154,h329,Survivor,20930.994402690118,4.211,3.220984328706094e-06,329124849,0.935,0.0002716538122077828,0.65589589426519,-1,182.22148007301442,6.948465317480978,182.08895251972797,25200.603895004606,1.5447929289314664,7.4438368861462365,0.477061936661858,63.33757448331215,62.41324202998112,-21.853380706923417,-38.058252318454834,76.29818869770047,2.0930208393984735,66.12853415141402,-43.79017202594696,14.061233677792188,94.80303621023631,105.37036174030573,0.4516858330583026,45.99236304652662,19861.0,9.0,18.0,4729.0,9.0,0.0,76.29818869770047,0.9456310898701566,4.211
0,329409631,h329,Survivor,119676.06569256404,12.616,3.0656803788678402e-06,329374425,3.733,2.78385802892133e-08,1.5447929289314664,-1,164.48758281402277,-128.2105619040887,103.04473162776367,129853.67836447587,3.5650134622911636,13.58530730712411,0.3975891341448878,74.31884268216679,-84.09859207004774,131.33103502220547,-64.58397328683714,168.79426398335622,1.9634261864990485,155.9500367046063,0.6478610400408797,-87.59835118341653,-10.016228949891229,88.17151295263687,1.6846414636511493,87.60074688026567,44300.0,53.0,120.0,33636.0,53.0,0.0,74.31884268216679,0.3975891341448878,13.585
0,3294096490,h329,Survivor,4514.202911248193,13.801,1.0931194286539496e-07,3294096490,13.801,1.0,13.800797497330507,-1,197.08586073079925,171.23946514180096,97.56988304774137,4514.202911248193,13.800797497330507,13.800797497330507,0.354696059448374,66.71608148719463,-24.648959027126693,-34.455710776855994,51.53899827069472,66.71608148719463,0.6880081502222981,42.36469268458488,-24.648959027126693,-34.455710776855994,51.53899827069472,66.71608148719463,0.6880081502222981,42.36469268458488,1243.0,2.0,0.0,1243.0,2.0,0.0,66.71608148719463,0.354696059448374,-13.801
0,32940967,h329,Survivor,12528195.27628833,13.262,0.0003106792037443176,32939366,-1,6.322315459073487e-09,1.3023664649290092,-1,167.30454865304768,-163.08914981751948,37.31944817114372,12617989.768166631,13.800797497330507,13.800797497330507,0.34450717616117776,64.79961709593731,91.14271205176556,66.39992902230006,-128.0648111059454,170.63569491146632,2.419638798071486,112.76499693751391,47.61560134241154,25.309250598562357,-35.93308668511236,64.79961709593731,2.1585898507601082,53.924054530981735,147872.0,5476.0,14487.0,128870.0,5520.0,11074.0,64.79961709593731,0.34450717616117776,-13.801
0,3290192183,h329,Zombie,3065.502629411783,0.642,0.0021553896295731564,3290188160,-1,2.177373431153082e-08,0.6424277573762747,0.65589589426519,77.17720129675602,-76.17872038114571,12.374286286134447,3065.502629411783,0.6424277573762747,0.65589589426519,0.5388452304868087,2.9667936507218036,0.5316170012242765,-3.5379106317368496,1.8041238856867494,4.006780661460368,1.103731206238769,3.577628861990485,0.5656236474155776,-2.5994345834355954,1.3133447003306173,2.9667936507218036,1.112209359810521,2.660261314998338,1763.0,1.0,323.0,1637.0,1.0,218.0,2.9667936507218036,0.5388452304868087,-0.656
0,329019269,h329,Zombie,5944.54445508473,0.656,0.003975093693211943,329019269,-1,2.177372172980678e-08,0.65589589426519,0.65589589426519,81.23964303220443,-75.35440212911261,30.35776144191119,6043.887659344655,0.6424277573762747,0.65589589426519,2.418650189432049,13.316692102556814,0.27946543731695783,9.536662651126335,9.290223522728411,13.316692102556814,0.7987016792622035,9.540756545056725,0.27946543731695783,9.536662651126335,9.290223522728411,13.316692102556814,0.7987016792622035,9.540756545056725,3928.0,2.0,1206.0,3928.0,2.0,1206.0,13.316692102556814,2.418650189432049,-0.656
0,329019291,h329,Zombie,19406.65666244965,0.642,0.013645040168488463,329018855,-1,2.1773717197377073e-08,0.65589589426519,0.65589589426519,67.88219059517746,-62.792470617662694,25.789483006256003,22385.394093407253,0.65589589426519,0.65589589426519,0.6786094046199819,3.7363123194535772,2.852671025836571,1.3916172166459546,3.549193548785297,4.761418413251673,0.7296514776771658,3.174008578960193,2.34494409924082,1.2805149266268927,2.6118094192765966,3.7363123194535772,0.7967505781454897,2.671793649569259,4653.0,6.0,1599.0,2215.0,7.0,1340.0,3.7363123194535772,0.6786094046199819,-0.656
0,3290225115,h329,Zombie,32963.18523667106,0.767,0.0028693405381171205,3290225120,0.767,2.1773693163798747e-08,0.47744308048679746,0.7670080235986579,113.30627431876843,-88.63812317160209,70.58041456817818,35030.15278556779,0.6424277573762747,0.7670080235986579,0.47949083240188134,4.016301463999373,-1.3120257503828725,-2.324252458839055,-3.0011858302405017,4.016301463999373,2.414712247848214,2.669000011631159,-1.3120257503828725,-2.324252458839055,-3.0011858302405017,4.016301463999373,2.414712247848214,2.669000011631159,2786.0,12.0,537.0,2786.0,12.0,537.0,4.016301463999373,0.47949083240188134,-0.767
0,329027510,h329,Zombie,2645467.715704834,0.935,0.03838566301194749,329027510,-1,1.1134481581846837e-08,0.9353597347089435,0.9353597347089435,99.26784978027881,-88.79305102252209,44.38355652842377,2645467.715704834,0.9353597347089435,0.9353597347089435,0.7429791529578592,9.458491148106162,2.05441876868872,-2.8171006065545043,-8.792403681258747,9.458491148106162,2.7640622606141956,3.4866448492197,2.05441876868872,-2.8171006065545043,-8.792403681258747,9.458491148106162,2.7640622606141956,3.4866448492197,49942.0,870.0,14318.0,49942.0,870.0,14318.0,9.458491148106162,0.7429791529578592,-0.935
0,329038440,h329,Zombie,1056267.856085712,1.302,0.005123769699599597,329038440,-1,9.633871267289273e-08,1.177786198707662,1.3023664649290092,153.666799276877,-133.71206448021263,75.7269371653143,1056267.856085712,1.3023664649290092,1.3023664649290092,0.40528106340323783,7.547518394953563,1.627236939404611,-5.979813225860198,-4.308012029814563,7.547518394953563,2.178258180996675,6.197262804911168,1.627236939404611,-5.979813225860198,-4.308012029814563,7.547518394953563,2.178258180996675,6.197262804911168,11470.0,361.0,8586.0,11470.0,361.0,8586.0,7.547518394953563,0.40528106340323783,-1.302
0,329048010,h329,Zombie,7340310.036841035,1.626,0.020794152994344207,329048010,-1,7.36067968354e-09,1.5447929289314664,1.625601750265231,126.57329181150341,-101.3739123030457,75.79002641755969,7340310.036841035,1.625601750265231,1.625601750265231,1.3288753903477997,34.11885022073524,-2.2179879261784663,25.275852545152702,22.8102553264971,34.11885022073524,0.8385351865248586,25.372981541887743,-2.2179879261784663,25.275852545152702,22.8102553264971,34.11885022073524,0.8385351865248586,25.372981541887743,156702,1711,21510,156702,1711,21510,34.11885022073524,1.3288753903477997,-1.626
0,329048022,h329,Zombie,1568828.3696126183,1.626,0.004444288725661474,329048022,-1,5.191479828628855e-09,0.9791311795976875,1.625601750265231,137.89606629632334,-135.73590466954022,24.312327810012196,1568828.3696126183,1.625601750265231,1.625601750265231,0.7143161704034883,18.340054007522212,11.230691003193897,-10.66717961147151,9.820409346163615,18.340054007522212,1.0057411692754625,15.489258900044696,11.230691003193897,-10.66717961147151,9.820409346163615,18.340054007522212,1.0057411692754625,15.489258900044696,46482,445,6015,46482,445,6015,18.340054007522212,0.7143161704034883,-1.626
0,329048025,h329,Zombie,2280251.4921717397,1.545,0.007190433043270134,329045628,-1,3.377936395709031e-07,0.9791311795976875,1.625601750265231,103.55574537417031,75.96823662058907,70.37484937645115,2280251.4921717397,1.5447929289314664,1.5447929289314664,0.4376464960760961,10.33548826477181,6.720732133360798,7.255781400625892,-3.001285312858272,10.33548826477181,1.8654269482039154,9.890126598889267,6.455715649413833,13.678128972286686,-0.6389991895584899,15.138553322324148,1.6130189274534532,15.125061214044546,23714.0,824.0,7700.0,31860.0,836.0,8608.0,10.33548826477181,0.4376464960760961,1.545
0,329048036,h329,Zombie,1010767.462238851,1.626,0.002863374046329111,329048036,-1,4.844113525701226e-07,0.9791311795976875,1.625601750265231,132.24992022681906,-121.04015112223999,53.28530018968938,1035808.2658230261,1.5447929289314664,1.625601750265231,0.6358702713955885,16.325957051463035,-15.075731440949312,-4.42082289103746,-4.440216225891163,16.325957051463035,1.8462388422743756,15.71054911559582,-15.075731440949312,-4.42082289103746,-4.440216225891163,16.325957051463035,1.8462388422743756,15.71054911559582,17288.0,377.0,6800.0,17288.0,377.0,6800.0,16.325957051463035,0.6358702713955885,-1.626
0,32905762,h329,Zombie,49824151.112013936,1.949,0.07456429843528777,32905762,-1,8.011538908076505e-09,0.24848475337501894,1.9488370356022409,105.96140712542469,-88.68912853384445,57.983258617528726,49824151.112013936,1.9488370356022409,1.9488370356022409,1.1900819328363765,39.8536716878686,-10.98895472040931,-34.828240926898616,-15.954675023174786,39.8536716878686,1.9826747567207246,36.520726880900135,-10.98895472040931,-34.828240926898616,-15.954675023174786,39.8536716878686,1.9826747567207246,36.520726880900135,676430,17024,150726,676430,17024,150726,39.8536716878686,1.1900819328363765,-1.949
0,32905769,h329,Zombie,35403020.1775032,1.949,0.05298236504002045,32905769,-1,1.1808023149124046e-07,0.7670080235986579,1.9488370356022409,119.14758285420649,-91.7222155390099,76.04723319500462,35403020.1775032,1.9488370356022409,1.9488370356022409,0.531953607285624,17.81415533921349,-4.019600244663707,10.08515207968685,14.12362035217302,17.81415533921349,0.6553554975714839,10.856678985643468,-4.019600244663707,10.08515207968685,14.12362035217302,17.81415533921349,0.6553554975714839,10.856678985643468,153805.0,13017.0,55494.0,153805.0,13017.0,55494.0,17.81415533921349,0.531953607285624,-1.949
0,329063711,h329,Zombie,8619932.373177692,1.949,0.012900153753159243,329057618,-1,7.36067968354e-09,1.5447929289314664,2.1542261231604445,129.26285506672053,14.425785640297228,128.4553712721278,10327993.032272551,2.1542261231604445,1.9488370356022409,0.2989964473328987,10.012845266413079,6.808758347006005,-5.2039772753714715,-5.178465083267838,10.012845266413079,2.1143516577791996,8.56974735394846,-11.898838824887207,-10.294684829747894,-10.544437659100367,18.940645888436293,2.16121577228607,15.734131724518031,59294,2299,11634,93162,2990,13697,10.012845266413079,0.2989964473328987,1.949
0,329067212,h329,Zombie,6281588.927467779,2.272,0.005647939846691933,329067212,-1,7.706669043387042e-09,1.177786198707662,2.272072320939971,136.70274101129064,-114.80024277934405,74.21956384810996,6281588.927467779,2.272072320939971,2.272072320939971,1.4557934398385721,64.27033180671314,8.703510352050216,56.55549164203694,29.264326802854157,64.27033180671314,1.0980514576011544,57.22127862360954,8.703510352050216,56.55549164203694,29.264326802854157,64.27033180671314,1.0980514576011544,57.22127862360954,71745.0,2359.0,38288.0,71745.0,2359.0,38288.0,64.27033180671314,1.4557934398385721,-2.272
0,329067213,h329,Zombie,2927890.0292547434,2.272,0.0026325420134784357,329067213,-1,2.1773729265518194e-08,0.47744308048679746,2.272072320939971,160.18026626273286,-119.70406252428633,106.43615511273293,2927890.0292547434,2.272072320939971,2.272072320939971,0.9191210789154026,40.57733404746447,-2.8694565356790918,-35.34093121035494,-19.73080937960549,40.57733404746447,2.0785917029971377,35.45723056902767,-2.8694565356790918,-35.34093121035494,-19.73080937960549,40.57733404746447,2.0785917029971377,35.45723056902767,72038,1109,25823,72038,1109,25823,40.57733404746447,0.9191210789154026,-2.272
0,329067220,h329,Zombie,8619932.373177692,1.949,0.012900153753159243,329057618,-1,7.36067968354e-09,1.5447929289314664,2.272072320939971,129.26285506672053,14.425785640297228,128.4553712721278,10327993.032272551,2.1542261231604445,1.9488370356022409,0.2989964473328987,10.012845266413079,6.808758347006005,-5.2039772753714715,-5.178465083267838,10.012845266413079,2.1143516577791996,8.56974735394846,-10.668630197908897,-5.162581857927762,-1.1254368794843685,11.905399191511473,1.6654693261459066,11.852085122017066,59294,2299,11634,44329,2925,6552,10.012845266413079,0.2989964473328987,1.949
0,32906727,h329,Zombie,67531489.37155914,2.154,0.07291685264998793,32906375,-1,8.011538908076505e-09,0.24848475337501894,2.272072320939971,135.6531437158756,-86.35155860146659,104.61923210909873,80680181.52908349,2.272072320939971,2.272072320939971,0.25542583885634546,11.2765334463423,7.594940717425743,-14.159254567216522,-13.316840305977166,20.868776919967097,2.2628538645752148,16.06759516543945,9.185006079392224,6.140349337788393,-2.25654157903773,11.2765334463423,1.7722660167276838,11.04844906168058,314632,23520,96445,181742,27974,72867,11.2765334463423,0.25542583885634546,-2.272
0,329077610,h329,Zombie,7196300.0026965905,2.154,0.007770175836559077,329063710,-1,4.747593662504334e-07,0.65589589426519,2.6222438800556356,128.78987304908722,-112.17432896708631,63.27520304814441,11602058.27552693,2.595307606277478,2.595307606277478,0.5787851083301379,29.97897718214132,-1.0441862809493614,39.530422840205574,5.517107859717726,39.92722296942937,1.4321736824458462,39.54421139578799,17.72929396860036,-24.7747578207518,-11.887221697681525,32.70202638051321,1.9428196323419027,30.46500434436127,110995.0,2755.0,39562.0,127213.0,4416.0,31439.0,29.97897718214132,0.5787851083301379,2.595
0,329086413,h329,Zombie,7196300.0026965905,2.154,0.007770175836559077,329063710,-1,4.747593662504334e-07,0.65589589426519,2.918542891615271,128.78987304908722,-112.17432896708631,63.27520304814441,12513082.693881642,2.918542891615271,2.595307606277478,0.5787851083301379,29.97897718214132,-1.0441862809493614,39.530422840205574,5.517107859717726,39.92722296942937,1.4321736824458462,39.54421139578799,25.661949000826098,-15.182840556156407,-20.56050484484149,36.218622742305065,2.1744785526630857,29.81701316152687,110995.0,2755.0,39562.0,43341.0,4911.0,14384.0,29.97897718214132,0.5787851083301379,2.595
0,32908649,h329,Zombie,8097091.237448568,2.919,0.003860607137664184,32908649,-1,1.0626061069961868e-07,0.9353597347089435,2.918542891615271,178.48358439923823,-164.50859668006734,69.23374551730485,8097091.237448568,2.918542891615271,2.918542891615271,1.0547808251418653,62.60202917152843,6.10454455942272,-50.699198154999976,-36.212427404897426,62.60202917152843,2.187629121792618,51.06539099858073,6.10454455942272,-50.699198154999976,-36.212427404897426,62.60202917152843,2.187629121792618,51.06539099858073,125568.0,3209.0,13230.0,125568.0,3209.0,13230.0,62.60202917152843,1.0547808251418653,-2.919
0,32909748,h329,Zombie,16081685.224694889,3.242,0.0058755366719652966,32909608,-1,7.386986123396314e-08,1.177786198707662,3.2889166560650542,173.3047275754473,-148.25187060598861,89.75472946772892,16162669.690954942,3.2889166560650542,3.2889166560650542,0.7763317477468156,52.805585102554694,-7.760595052226563,44.95798243937497,37.6331584046784,59.1413698868686,0.8810708371816302,45.62287825843293,-9.73025173392125,38.04227684224861,35.30633359434796,52.805585102554694,0.8384585857359274,39.26694062627954,114930.0,6280.0,34439.0,116506.0,6344.0,34030.0,52.805585102554694,0.7763317477468156,-3.289
0,32911527,h329,Zombie,35863920.056193255,3.242,0.013103090537241445,32909607,3.888,5.70981726846523e-07,0.9791311795976875,3.8882487476290906,195.91921677058633,-135.13256767218485,141.85742368421322,43441694.16816,3.8882487476290906,3.2889166560650542,0.35932921754215946,24.441341774090446,-26.920031498339085,-2.7278161272752186,-15.243436872533493,31.056262563011423,2.0838418550690774,27.05788381776724,45.3701023897338,-9.35545504725269,19.16880984823183,50.13396055563299,1.178456179269781,46.32462336593891,211403.0,13832.0,68608.0,142501.0,17246.0,37292.0,24.441341774090446,0.35932921754215946,3.289
0,329124811,h329,Zombie,35863920.056193255,3.242,0.013103090537241445,32909607,-1,5.70981726846523e-07,0.9791311795976875,4.211484032967021,195.91921677058633,-135.13256767218485,141.85742368421322,43441694.16816,3.8882487476290906,3.2889166560650542,0.35932921754215946,24.441341774090446,-26.920031498339085,-2.7278161272752186,-15.243436872533493,31.056262563011423,2.0838418550690774,27.05788381776724,18.75282226784111,-17.912587851686112,-0.9653727338645695,25.95112889777436,1.6080045548348108,25.933166921022448,211403.0,13832.0,68608.0,41098.0,16878.0,13231.0,24.441341774090446,0.35932921754215946,3.289
0,32912695,h329,Zombie,53200017.39007104,2.919,0.02536520348320597,32908647,-1,1.6157125557400487e-08,0.7670080235986579,4.2821917516347225,192.31964564235238,-33.44901189251419,189.3885152363111,68617901.06914483,4.2821917516347225,2.918542891615271,0.4874121739160042,28.928276285212014,-22.239352191641046,17.054463207950903,7.169495632076178,28.928276285212014,1.320349422698389,28.02576495325685,20.773068983613484,-18.44382744577524,10.780187705180651,29.79777865557137,1.2006217031387645,27.779401826668206,251848.0,20603.0,59554.0,128221.0,27922.0,32576.0,28.928276285212014,0.4874121739160042,2.919
0,32913443,h329,Zombie,175921980.01657486,4.535,0.02072103641501301,32913443,-1,1.503249983196416e-08,0.47744308048679746,4.5347193183048,150.82910494994,-146.7945253868009,34.652362350406634,175921980.01657486,4.5347193183048,4.5347193183048,0.9236974345916064,82.296113847068,11.33332211672132,2.4016116369875817,-81.4766127528219,82.296113847068,3.000351533462305,11.58498721001787,11.33332211672132,2.4016116369875817,-81.4766127528219,82.296113847068,3.000351533462305,11.58498721001787,1070754.0,67164.0,238981.0,1070754.0,67164.0,238981.0,82.296113847068,0.9236974345916064,-4.535
0,32923043,h329,Zombie,123366788.73233177,7.444,0.005848041325871718,32922083,-1,9.563447494728386e-09,0.7670080235986579,7.7670721714559985,161.21431977339978,-144.34954219722823,71.78625611808032,127725040.6362514,7.7670721714559985,7.7670721714559985,0.46695320739192414,64.4552666044422,-33.14634823432425,114.29295986914804,0.5072333001990046,119.00343844840201,1.5665339723395137,119.00235744270391,-34.36693409662621,52.460038443596204,-14.877486358396709,64.4552666044422,1.803715434778262,62.71476534840454,729889.0,51766.0,117970.0,573742.0,53582.0,100111.0,64.4552666044422,0.46695320739192414,-7.767
0,32924962,h329,Zombie,414210809.0790082,8.09,0.01745584673734235,32924002,-1,1.7248024032930448e-08,0.7670080235986579,8.413542742075784,161.93374540224778,-147.89204669958053,65.95817176824333,426385586.7891491,8.413542742075784,8.413542742075784,0.37850330707464463,57.59087786826864,13.127829117616784,4.389303491703686,113.88807288794123,114.72619155455587,0.12094870185670471,13.84217766406826,32.8391333356667,-2.9665552127607953,47.217582377434155,57.59087786826864,0.6095957393128189,32.972854411895476,1509818.0,174421.0,193740.0,899935.0,179785.0,158410.0,57.59087786826864,0.37850330707464463,-8.414
0,32928803,h329,Zombie,144793448.7301901,8.414,0.005835331647284387,32924963,-1,4.2925538751902645e-10,8.736778027384181,9.706483883312893,154.39580661403988,109.68500257306943,108.6612410684958,159107707.2770087,9.706483883312893,9.706483883312893,0.35038401901415345,56.98757225069632,52.125180950508366,-57.70843365646215,24.979243996476725,81.67778421848288,1.2599897569768288,77.76437361803627,20.659390296583297,22.951000186829333,47.895976595387765,56.98757225069632,0.5726582267627854,30.87974768359354,397380.0,60304.0,89383.0,197733.0,66959.0,66796.0,81.67778421848288,0.5368091716181093,8.414
0,32930722,h329,Zombie,446271169.9980923,8.737,0.01719474429073514,32925922,-1,4.5557349461521023e-10,8.736778027384181,10.352954453932039,206.979124068105,170.25652042038075,117.69908688832072,497658694.04077834,10.352954453932039,8.736778027384181,0.31599655087876294,49.3284324840337,-18.86914085520766,2.3074156259463052,-45.518409548745694,49.3284324840337,2.7459838804039673,19.00969866895652,-75.2855585061734,6.2491818531634635,-10.328340214953641,76.24724391750954,1.706672578653297,75.54447427456464,510079.0,187535.0,101448.0,458261.0,211580.0,87621.0,49.3284324840337,0.31599655087876294,8.737
