h148_s_rbins,h148_s_density,h148_s_mass,h148_d_rbins,h148_d_density,h148_d_mass,h148_g_rbins,h148_g_density,h148_g_mass,h229_s_rbins,h229_s_density,h229_s_mass,h229_d_rbins,h229_d_density,h229_d_mass,h229_g_rbins,h229_g_density,h229_g_mass,h242_s_rbins,h242_s_density,h242_s_mass,h242_d_rbins,h242_d_density,h242_d_mass,h242_g_rbins,h242_g_density,h242_g_mass,h329_s_rbins,h329_s_density,h329_s_mass,h329_d_rbins,h329_d_density,h329_d_mass,h329_g_rbins,h329_g_density,h329_g_mass
0.7500386445537119,4417076768.2982025,62449753850.159225,0.75995,627827399.2483737,9052599426.78792,0.75995,27617886.41844288,398220375.6319058,0.7500248340721114,2727861299.815676,38566136407.773384,0.75995,488466318.8380182,7043161740.331935,0.75995,17183232.541000806,247763830.0546507,0.7536747390724736,2259346712.765015,32174899260.335377,0.75995,430714217.0278039,6210438217.324114,0.75995,13294981.389223158,191699408.22481453,0.7506838609273301,3385279245.1016784,47923415229.938614,0.75995,513269710.4537655,7400800111.947957,0.75995,44481786.423343495,641379772.1484278
2.2500382561662375,256647838.94904083,25398739194.117455,2.25985,135504239.1473339,13522019465.530447,2.25985,6966948.882207388,695234473.7948183,2.2500245844834468,192509931.47759873,19051213326.36888,2.25985,146935075.9489669,14662707009.415487,2.25985,3894743.88435008,388657970.7677998,2.253637807021494,177701367.51936543,17639769622.571854,2.25985,114050979.87298751,11381190578.314848,2.25985,2944241.9458313114,293807021.48716176,2.2506769879531863,170833437.2839347,16915434155.355629,2.25985,109972269.74011186,10974174545.768194,2.25985,6830870.842340246,681655194.5376282
3.750037867778763,48834972.92238238,13117633080.758379,3.7597499999999995,49106594.62544543,13257202619.61235,3.7597499999999995,3501682.2307911715,945341683.6817292,3.750024334894783,34408700.23894695,9242506047.683693,3.7597499999999995,54566807.852630675,14731284739.360348,3.7597499999999995,2449371.9914614493,661251732.670178,3.7536008749705148,28252637.47027898,7603029918.907193,3.7597499999999995,40277687.78384592,10873681469.31624,3.7597499999999995,1370526.3100347847,369998064.9488172,3.750670114979042,31969473.521335892,8590186411.366713,3.7597499999999995,37740766.49404212,10188794239.292149,3.7597499999999995,873091.2974893388,235706595.50965387
5.250037479391288,23499762.123410814,12292313322.497692,5.25965,26884119.58221578,14112856026.365637,5.25965,2919449.729845004,1532569202.703969,5.250024085306118,11521710.389202055,6026774606.566276,5.25965,26003979.4284328,13650825226.533182,5.25965,1618423.2653522973,849593547.7368908,5.253563942919535,10179905.892959537,5331906127.844687,5.25965,20201481.26937204,10604795734.600428,5.25965,1022892.5116020384,536968848.9347697,5.250663242004898,9689484.557855958,5069577315.853661,5.25965,18872026.377876714,9906896537.275301,5.25965,287126.2629708715,150727331.73590243
6.750037091003813,12804206.98794625,11042045886.48038,6.75955,17158611.344723433,14837753996.23395,6.75955,2425735.7729137037,2097633073.8691308,6.750023835717454,5350072.856687912,4613758937.138766,6.75955,14896917.597659452,12881974780.797863,6.75955,1250673.2485742895,1081508381.9543889,6.753527010868555,4640468.818688722,4005854563.4637394,6.75955,12121509.99477505,10481966154.019337,6.75955,802891.9283912437,694293534.5810863,6.750656369030755,3560408.3605353236,3070959851.3652263,6.75955,11398899.234698676,9857095033.761576,6.75955,166679.0413486568,144134193.73940247
8.25003670261634,8598210.271099797,11061539664.126965,8.25945,11942929.283326853,15398455349.411045,8.25945,2300124.0984731987,2965634090.950395,8.25002358612879,2871840.686106233,3694592348.787314,8.25945,9515790.065408202,12269056021.383396,8.25945,987933.2022443037,1273778395.7406058,8.253490078817576,2418383.221027934,3113755511.402398,8.25945,8070170.51009235,10405165877.962425,8.25945,563089.7735781672,726012231.2084935,8.25064949605661,1665110.1619939473,2142461073.2435355,8.25945,7661231.378108331,9877905704.591566,8.25945,114982.16883900338,148250713.94483107
9.750036314228865,6437462.539578665,11558033212.374023,9.75935,8763578.722614618,15763383813.45631,9.75935,2177699.18117016,3917110704.3804827,9.750023336540124,1790785.5990125628,3215227464.8618646,9.75935,6640923.440052718,11945282672.156708,9.75935,839045.0059432979,1509222303.3630598,9.753453146766596,1377292.7546001216,2474506520.979579,9.75935,5717500.176303529,10284285973.263577,9.75935,491786.27960831526,884594767.164337,9.750642623082465,759653.7501926882,1364070855.633865,9.75935,5446286.270213728,9796443160.120602,9.75935,83743.18128088441,150632059.1248806
11.250035925841392,4474898.626950597,10691409136.11779,11.25925,6609401.5909124,15815940293.760159,11.25925,1841344.8459860256,4406238559.384878,11.250023086951462,1117146.1170395555,2669075008.21305,11.25925,4824227.648794685,11544115667.256775,11.25925,713268.5661175612,1706813075.2778137,11.253416214715617,832164.7887536123,1989349232.86504,11.25925,4279613.921245418,10240884492.754591,11.25925,423990.3259346649,1014585902.8046837,11.250635750108321,387152.50139827904,925077623.0083126,11.25925,4067864.9582933076,9734180684.663866,11.25925,69269.66959596847,165758570.33784696
12.750035537453915,2642809.4941385486,8107562104.962401,12.75915,5112392.461324759,15705063074.022364,12.75915,1223378.8624276055,3758170434.527361,12.750022837362796,711829.8420274978,2183734285.9986663,12.75915,3645094.1575600784,11197581971.317856,12.75915,651865.2639702973,2002503752.1796443,12.753379282664635,534776.7165608082,1641397659.435251,12.75915,3306332.9655081904,10156921277.043364,12.75915,375317.66299588885,1152960695.9434621,12.750628877134178,222931.09933736557,683964522.16099,12.75915,3129715.7692610426,9614360386.422756,12.75915,55600.61778375892,170802851.2784151
14.250035149066441,1425718.1910870692,5462197461.522146,14.25905,4031432.2887689,15463684722.94945,14.25905,388256.28097188124,1489265424.9409416,14.250022587774133,464954.6605098384,1781326733.7119384,14.25905,2849488.7615163587,10930010148.609638,14.25905,553074.0696231803,2121470095.1118283,14.253342350613657,368705.4812597326,1413201452.4561274,14.25905,2645378.475674045,10147088129.115547,14.25905,282747.7476567875,1084557971.6344016,14.250622004160034,124428.36825355637,476745900.4077296,14.25905,2475842.739658528,9496786453.872051,14.25905,46275.319456721816,177501914.77258748
15.750034760678966,814862.7628758458,3813086481.784662,15.75895,3259053.094117734,15266725074.584951,15.75895,154305.45178262645,722829251.8851123,15.750022338185468,330409.3198595117,1546122242.0067222,15.75895,2266393.5734964362,10616705711.185411,15.75895,483988.4983282838,2267198210.6015363,15.753305418562677,259073.89306253594,1212789572.906174,15.75895,2140844.234705056,10028581742.882034,15.75895,251734.6649514106,1179227159.1071866,15.75061513118589,68093.65284426094,318661001.6047796,15.75895,1989770.6320962585,9320891781.887402,15.75895,37221.62357618128,174361164.90182006
17.250034372291495,470176.7136703268,2638855602.69329,17.258850000000002,2669689.7388756466,14997881724.127445,17.258850000000002,105562.874357852,593035018.6478115,17.250022088596804,247791.6730594018,1390723010.412166,17.258850000000002,1842584.2397779997,10351337869.90929,17.258850000000002,502955.84893386456,2825523964.4233336,17.2532684865117,180881.15975868196,1015546887.5715811,17.258850000000002,1765086.2448429824,9915966768.553547,17.258850000000002,207077.94861867192,1163330156.247211,17.250608258211745,42298.99601704959,237416866.06036127,17.258850000000002,1626522.3648803139,9137537480.440268,17.258850000000002,31867.96789096296,179029048.30366
18.750033983904018,286874.16670623125,1902077163.5758963,18.75875,2229031.7289342093,14792021381.517939,18.75875,87600.3819691774,581322691.05778,18.750021839008138,183746.68010819276,1218303997.129512,18.75875,1525171.0087474568,10121148963.0301,18.75875,473411.171746124,3141591967.4083805,18.75323155446072,128998.2889908761,855574994.0490173,18.75875,1473315.3860584535,9777031169.814827,18.75875,217289.02023459715,1441946200.925573,18.7506013852376,28487.721981288807,188894278.3091547,18.75875,1342925.8630635026,8911756536.42527,18.75875,27479.385891932925,182355261.42950273
20.25003359551654,186439.73949923218,1441748565.7937584,20.258650000000003,1870004.8718680097,14472189768.314041,20.258650000000003,78123.77535340826,604609174.7355951,20.250021589419475,133317.35398917497,1030949165.729414,20.258650000000003,1282675.0788846896,9926774754.422483,20.258650000000003,487940.4114679469,3776228787.7567573,20.253194622409737,95221.35059457818,736563682.6091292,20.258650000000003,1253577.7653992372,9701587190.02382,20.258650000000003,222077.58804293323,1718684825.7974212,20.250594512263454,19889.17780376405,153811936.4538791,20.258650000000003,1133272.7239283288,8770532187.737835,20.258650000000003,23956.506994488762,185402252.48924127
21.750033207129068,130047.30428765746,1160097024.9199831,21.75855,1598732.9925857803,14271839379.284777,21.75855,70068.13876429161,625496081.3888075,21.75002133983081,94107.65979846963,839493811.6884953,21.75855,1089009.103305139,9721550175.68762,21.75855,381890.02650169487,3409120312.184062,21.75315769035876,72494.08519534241,646859054.6097158,21.75855,1076047.3657752285,9605841150.502537,21.75855,225066.67073996988,2009163124.3788671,21.750587639289314,14245.199343065575,127081327.55675016,21.75855,966565.7885949315,8628502538.142517,21.75855,20311.093039155596,181316491.7574467
23.250032818741595,91444.40184664271,932085791.5502589,23.258450000000003,1382737.5789079303,14103404336.762608,23.258450000000003,63439.98920434075,647064079.6320235,23.250021090242146,67405.21375906304,687055557.3154031,23.258450000000003,936876.1734458095,9555785341.438951,23.258450000000003,306132.27257464116,3122434282.9115143,23.25312075830778,56823.51944743831,579337470.4136175,23.258450000000003,934939.7233321477,9536034277.0667,23.258450000000003,175409.81784554315,1789114307.3347366,23.250580766315167,10356.720944012837,105569781.65385823,23.258450000000003,827130.1487638148,8436417079.483616,23.258450000000003,17846.989987555793,182032599.5533046
24.750032430354118,70048.95787522748,809071954.0372796,24.75835,1210991.7282133866,13995536399.36479,24.75835,56351.946456867445,651264331.074913,24.75002084065348,48971.51035395876,565625004.9798436,24.75835,813517.1381226708,9401888099.516958,24.75835,224229.4752271971,2591439486.529444,24.7530838262568,46650.29806043897,538934954.0321494,24.75835,821046.2745345535,9488902981.826475,24.75835,151686.97868683856,1753059564.37321,24.750573893341027,8042.537958857492,92895720.0359286,24.75835,724209.037829362,8369746641.162686,24.75835,16115.371169209635,186246741.850746
26.250032041966644,50552.18964620485,656778332.7840321,26.258250000000004,1064471.5347813577,13837443115.870152,26.258250000000004,50925.28558245822,661995853.6997875,26.250020591064818,33764.90247713646,438676132.95627284,26.258250000000004,708236.9847772492,9206623821.484842,26.258250000000004,176424.7032078788,2293407305.9781094,26.25304689420582,38762.32600837244,503706800.8275422,26.258250000000004,726626.1449487987,9445671038.350729,26.258250000000004,137624.39683301427,1789028358.4933364,26.25056702036688,6548.563228995279,85082587.4708613,26.258250000000004,633379.4088235949,8233523634.955777,26.258250000000004,14825.705675950681,192724607.6953467
27.75003165357917,35621.442741838495,517184157.96609294,27.75815,926993.3330361311,13465902707.528597,27.75815,46412.68435197349,674210557.5149266,27.75002034147615,21709.20052874501,315193479.5246381,27.75815,621124.3389990833,9022718524.679686,27.75815,123374.27959163333,1792187695.8392446,27.75300996215484,32151.842627942326,466898183.80643415,27.75815,644725.8909518995,9365564790.145672,27.75815,132361.7369827096,1922743356.2773926,27.75056014739274,5449.468585516454,79122959.10050973,27.75815,553780.1159031562,8044447458.636854,27.75815,13447.605406159095,195345683.29146323
29.250031265191694,24994.304580692926,403171574.26223177,29.258050000000004,822322.384363784,13270892735.046335,29.258050000000004,41590.159349689675,671194842.8720459,29.25002009188749,15062.980490563474,242973812.75027788,29.258050000000004,549879.1302115197,8874119315.046387,29.258050000000004,85172.2610248234,1374536266.4988148,29.25297303010386,26492.169058345968,427408458.11489224,29.258050000000004,580520.3294691975,9368616456.74396,29.258050000000004,126338.4201669209,2038888463.005413,29.250553274418593,4426.901730451756,71410544.98574182,29.258050000000004,482522.0686394218,7787090242.181238,29.258050000000004,12074.641167757016,194864290.20833933
30.750030876804217,17316.698513395077,308704761.6959368,30.75795,735646.9095551241,13120259081.01418,30.75795,37874.72051478815,675495457.5633776,30.750019842298823,11018.022792076603,196418155.11230046,30.75795,493515.9258079942,8801854154.628595,30.75795,59669.35960654141,1064202740.5640346,30.752936098052878,22087.267905390534,393814488.30912876,30.75795,520593.3785626617,9284780393.807661,30.75795,114617.11620991305,2044195714.3572893,30.75054640144445,3869.0852527507072,68976191.6874477,30.75795,427728.21959354274,7628530731.845194,30.75795,11260.29174289009,200827248.88202938
32.25003048841675,11987.439284506208,235053096.3761226,32.25785,660705.6848475678,12960724732.737017,32.25785,33795.35732442362,662946200.6633053,32.25001959271016,8112.7439403852395,159076882.58274943,32.25785,441650.8887528962,8663639088.281137,32.25785,38820.99484604522,761531555.7133074,32.252899166001896,18367.732111218025,360214966.2327972,32.25785,472941.34441693634,9277447917.120108,32.25785,110086.037488911,2159501365.786978,32.250539528470306,3432.6899709861673,67310988.18718645,32.25785,379713.8495272801,7448651939.579444,32.25785,10426.566097350156,204532602.32900947
33.75003010002927,8435.56635386126,181148636.0104659,33.75775,594147.0923235888,12763934621.405754,33.75775,30511.448755929665,655470913.1067414,33.750019343121494,6437.757863439653,138246843.3881612,33.75775,398660.25364031555,8564332771.0618515,33.75775,24983.659786408793,536718607.62635815,33.75286223395092,15144.07837842389,325256481.40916646,33.75775,429517.04340462055,9227222571.023285,33.75775,107944.07753880096,2318939478.5808797,33.75053265549616,2723.0119103991956,58476506.176044405,33.75775,338844.6428938833,7279326827.632773,33.75775,9730.204137841134,209031889.70029595
35.2500297116418,6216.516700441476,145623887.0122143,35.25765,536150.5444807045,12564092843.476204,35.25765,27519.21936137464,644882357.3818868,35.25001909353283,5212.535327851583,122105240.80264857,35.25765,362250.19414612406,8488931175.529154,35.25765,18013.2369814296,422120212.6455465,35.25282530189994,12782.778021344087,299480845.34616905,35.25765,390286.4437876801,9145929563.58556,35.25765,105963.91195826215,2483146649.0275245,35.25052578252202,2340.641582623817,54831581.73589912,35.25765,303359.78137733054,7108899724.970054,35.25765,8874.300781422695,207959387.68787512
36.750029323254324,5040.079093920336,128325815.1455403,36.757549999999995,491246.89164744667,12511960205.755453,36.757549999999995,25225.56010496558,642489977.1737053,36.75001884394416,4501.585289160223,114615131.0290163,36.757549999999995,332062.5501562986,8457566824.380083,36.757549999999995,14696.922237318737,374327673.7359692,36.75278836984896,10545.636369083824,268536971.67156565,36.757549999999995,357528.2506501312,9106173129.291197,36.757549999999995,111669.32531396183,2844195410.2675138,36.75051890954787,2037.7431455452665,51884282.15539091,36.757549999999995,274719.37735900533,6997047667.29114,36.757549999999995,8202.60349008325,208918672.4567967
38.25002893486685,4253.951978772153,117331003.03568022,38.25745,449476.71977830824,12401294907.309206,38.25745,23160.334941274537,639005606.1200805,38.250018594355495,3910.1499001097773,107848327.04505187,38.25745,304208.5083128004,8393269904.524488,38.25745,12974.218076239626,357965379.46291745,38.25275143779798,8233.902228121613,227131378.01036665,38.25745,324994.6866612183,8966771303.711073,38.25745,93612.70078797927,2582822776.9260626,38.250512036573724,1928.047886067385,53179849.91989323,38.25745,249904.21412784926,6894986373.281732,38.25745,7541.698323496528,208079352.9368314
39.75002854647937,3253.9282274557463,96924909.16917579,39.75735,412430.8964669266,12288807085.755648,39.75735,21244.061461040696,632988884.317498,39.75001834476683,3454.8969826889215,102911131.3949509,39.75735,282278.2785484947,8410774603.206335,39.75735,11690.985215257473,348345051.7006587,39.752714505746994,6622.586454296786,197289135.31482702,39.75735,297074.9115702061,8851655658.142323,39.75735,71590.92361489931,2133125953.7805157,39.750505163599584,2026.340701785651,60359889.587548696,39.75735,228599.58755567565,6811362231.63698,39.75735,7011.305133108607,208909121.35398015
41.250028158091894,2612.475989198273,83801090.54295403,41.25725,380881.9879105018,12221119425.235289,41.25725,19947.94275566402,640057021.4467875,41.25001809517817,3065.4941823034223,98332637.33143102,41.25725,260063.26930216627,8344485623.210192,41.25725,10984.121305701945,352440552.50467145,41.25267757369602,5468.3247300919775,175427169.65030035,41.25725,272099.7007282919,8730690984.926853,41.25725,66621.43336014802,2137639791.8980567,41.250498290625444,1506.1515049878763,48314116.61401665,41.25725,209974.4366367516,6737316932.370189,41.25725,6608.965983539178,212057711.11740962
42.750027769704424,2301.538274517444,79293313.94926241,42.757149999999996,351882.24317281356,12126390607.913435,42.757149999999996,18662.08072362846,643123331.1764188,42.750017845589504,2780.6122116998176,95798482.93801017,42.757149999999996,240474.06147329338,8287097337.459054,42.757149999999996,10080.267166635078,347381146.5806463,42.752640641645044,4510.503385520016,155412475.6425265,42.757149999999996,251714.13270687935,8674447074.150074,42.757149999999996,64409.94986563436,2219663612.6455965,42.7504914176513,1047.6161942018477,36093426.38138491,42.757149999999996,192942.05217639037,6649072906.569695,42.757149999999996,6208.511882940491,213954644.33661193
44.25002738131695,2025.000182687454,74747169.22076258,44.25705,324349.7400071342,11975460264.07311,44.25705,17675.88939842315,652619333.4340632,44.250017596000845,2490.515230818258,91930311.85878718,44.25705,223699.09496175923,8259293264.007986,44.25705,9244.530403424971,341321397.402065,44.252603709594055,3680.734163188303,135876426.7937278,44.25705,230818.72931212554,8522160434.043844,44.25705,51666.17810067143,1907589822.1084006,44.25048454467715,956.1794953594174,35295245.2950826,44.25705,178306.54715747279,6583334921.931576,44.25705,5905.140211405986,218026294.56067154
45.75002699292948,1788.1669956159167,70555471.3793141,45.75695,300579.26623223093,11862718136.969696,45.75695,16757.181457795545,661342090.8756208,45.75001734641218,2115.6232841380656,83475843.87378493,45.75695,209396.5211781997,8264082685.196966,45.75695,8752.276551586663,345419000.75058645,45.75256677754308,3027.413754353367,119462619.55676407,45.75695,213898.47120783874,8441757496.03062,45.75695,45501.29902469586,1795762868.0180137,45.75047767170301,946.1671290374136,37333366.75492288,45.75695,164911.84223552156,6508441937.498593,45.75695,5574.403336650369,220000455.76455635
47.250026604542,1484.3972644096866,62472911.01478882,47.25685,278799.8368457362,11736285894.432295,47.25685,16184.267622052812,681288748.0616206,47.25001709682351,1755.492939747301,73882324.40110943,47.25685,194576.51468791216,8190842686.838056,47.25685,8020.941198956543,337647468.2281515,47.252529845492106,2434.385592433986,102462841.57811382,47.25685,198552.58042851285,8358218122.902487,47.25685,33992.77453292451,1430951053.5478654,47.25047079872887,898.316624121041,37807444.33806495,47.25685,151879.87153878252,6393495828.963081,47.25685,5352.543651321694,225319294.53423077
48.750026216154524,1121.426085726005,50240694.51475008,48.75675,260333.91772762328,11665588951.571959,48.75675,15269.69000914064,684236340.0797042,48.750016847234846,1580.4065737763694,70803329.55033791,48.75675,182988.731012235,8199743381.083062,48.75675,7669.527221539931,343672283.65911555,48.75249291344112,1936.593323996632,86767437.856187,48.75675,184039.5858579132,8246832292.064978,48.75675,21489.819663343413,962960973.4458838,48.750463925754715,710.0759957863447,31812348.547761142,48.75675,138944.5762966592,6226120392.898649,48.75675,5015.145783711715,224729185.33112952
50.25002582776705,943.8201419479242,44925723.319837414,50.25664999999999,243245.4205264067,11580735666.43623,50.25664999999999,14437.37920068216,687353011.116827,50.25001659764618,1528.6877252156828,72765328.75381997,50.25664999999999,171208.87395523195,8151128636.802003,50.25664999999999,7224.276403880402,343942489.16817343,50.25245598139014,1523.4016077899805,72518976.5179869,50.25664999999999,171124.2999853089,8147102132.262595,50.25664999999999,15233.521778495977,725256774.0181147,50.250457052780575,639.289249147653,30430480.736733437,50.25664999999999,128220.37016951456,6104477571.550228,50.25664999999999,4802.234836287731,228630870.52922538
51.75002543937958,859.3712541278395,43384377.82698149,51.75655,228000.77806573868,11512497010.557846,51.75655,13593.257152016136,686367536.3476564,51.750016348057514,1478.1231351106394,74621341.66716109,51.75655,161890.94425661638,8174397594.613949,51.75655,6782.472811241601,342468997.80796075,51.75241904933917,1250.3219318759018,63125377.69572225,51.75655,159348.3874800625,8046015676.194307,51.75655,12606.541681642017,636545079.6028905,51.750450179806435,665.5179094672808,33598318.979632,51.75655,118659.92441307764,5991523523.155265,51.75655,4547.639905246025,229625053.29320925
53.2500250509921,755.1943677128116,40367151.284250304,53.25645,214463.72658584436,11465662405.12579,53.25645,12988.689921559037,694401501.3459408,53.250016098468855,1418.272883345047,75810446.34479792,53.25645,152641.00985125575,8160495557.888414,53.25645,6501.016071168939,347557401.6591772,53.25238211728818,1066.572842374448,57014818.109411195,53.25645,149886.850274744,8013252644.521022,53.25645,11817.875449669327,631807403.5587344,53.25044330683229,819.5043353520567,43805189.11083643,53.25645,110183.03169348782,5890606604.120214,53.25645,4284.105793985617,229036916.98195377
54.75002466260463,661.509603428067,37379455.16624707,54.75635,201902.6359895633,11410647637.839989,54.75635,12249.92065320745,692311556.4101615,54.75001584888019,1293.2371295091125,73076018.79410774,54.75635,143390.25178732758,8103785420.27023,54.75635,6050.346843026374,341938952.77355486,54.7523451852372,920.791291705487,52033644.571279496,54.75635,141587.3554950194,8001893663.294061,54.75635,10326.213673463619,583592111.5315671,54.75043643385814,777.2510140449587,43920043.87298622,54.75635,102612.09746205143,5799183758.946506,54.75635,4083.489829260105,230780858.0408976
56.250024274217154,601.8966473297029,35899971.05602889,56.256249999999994,192182.1896127882,11464433261.634811,56.256249999999994,11693.619115150637,697570967.4383943,56.25001559929153,1106.4331754102154,65992908.5399149,56.256249999999994,134239.35323075988,8007912227.974018,56.256249999999994,5707.977641739727,340503606.8351379,56.25230825318623,764.0412463494762,45573634.20098521,56.256249999999994,134108.62091402584,8000113524.44506,56.256249999999994,9131.175993967967,544711026.5212724,56.250429560884,347.76961268944166,20742838.500413783,56.256249999999994,95085.73487064065,5672242905.309389,56.256249999999994,3852.914061278562,229841673.71253195
57.75002388582968,590.5312706687416,37125530.02827099,57.75615,180567.19862167723,11353556041.897018,57.75615,11074.208421016261,696314983.4931417,57.75001534970286,941.2971928427967,59177476.0082404,57.75615,125862.22384214746,7913861558.785116,57.75615,5496.590172605117,345610083.33947057,57.75227132113524,654.4137963563683,41143897.31632728,57.75615,126135.90038407943,7931069567.658795,57.75615,6901.498553182092,433946758.8506815,57.75042268790986,258.88545519475065,16275769.633232027,57.75615,88001.16391433212,5533264922.31236,57.75615,3650.8120622950873,229552762.9829709
59.2500234974422,554.7062569803264,36708304.38786611,59.25605,169773.51671656984,11236490720.446028,59.25605,10558.714166320431,698830395.0124986,59.2500151001142,791.9896211841569,52410785.29538836,59.25605,117509.45266847887,7777384247.02835,59.25605,5175.2699489889255,342526171.821601,59.252234389084265,563.5385922801171,37294668.34073459,59.25605,118600.03506434595,7849564638.9295225,59.25605,6424.4181681137225,425201271.2370774,59.250415814935714,246.30667536303554,16299763.947453443,59.25605,82745.93807091938,5476554784.694176,59.25605,3471.2890256421083,229747888.12162712
60.75002310905472,441.9130290085583,30743462.287045725,60.75595,160731.02130462416,11183340860.525846,60.75595,10046.78378165208,699034988.2072556,60.75001485052553,679.012158485098,47238211.079953924,60.75595,109305.57402074069,7605261774.033249,60.75595,4925.320777415171,342693903.4803441,60.75219745703328,492.1208291055378,34237986.86073852,60.75595,110846.14445643057,7712451563.298112,60.75595,5799.6827100031405,403530246.3855956,60.75040894196157,250.55712851896106,17431163.28914351,60.75595,78617.21600999103,5470027608.914504,60.75595,3392.881807091619,236069885.20448637
62.25002272066725,355.24780984021345,25949707.18621403,62.255849999999995,153214.456660356,11193174008.453663,62.255849999999995,9619.277588151299,702742092.5329397,62.250014600936865,582.6833650055477,42563134.07220398,62.255849999999995,103075.48868944753,7530241636.825336,62.255849999999995,4703.934727049645,343648772.26300454,62.2521605249823,433.2273626940162,31647264.527872086,62.255849999999995,103728.75380637661,7577966311.681896,62.255849999999995,5335.706836737718,389803262.58699906,62.25040206898743,246.26618837656775,17989092.557879448,62.255849999999995,74542.42322258433,5445741428.90313,62.255849999999995,3386.850209037046,247428372.99196175
63.75002233227978,333.3883668986925,25540663.24779979,63.755750000000006,144906.79721546118,11102471695.671217,63.755750000000006,9285.21495636008,711414772.9587078,63.7500143513482,467.79984910610165,35837832.73184221,63.755750000000006,96622.23353047675,7403004093.3800535,63.755750000000006,4539.934359461212,347840775.55159235,63.752123592931326,377.6585759283806,28933377.045759477,63.755750000000006,98400.73671831445,7539269483.845272,63.755750000000006,4446.214879689312,340660174.6999055,63.75039519601328,261.5122915032432,20034432.169186898,63.755750000000006,71489.74307018373,5477402469.860367,63.755750000000006,3548.9535835552897,271913791.9533662
65.2500219438923,316.70670451467157,25417844.448622502,65.25565,137237.13444050707,11015372044.845081,65.25565,8960.637230464561,719227731.2905155,65.25001410175955,415.5021512991086,33346839.0093465,65.25565,91679.40963124043,7358670159.18826,65.25565,4315.192878538221,346360008.14320755,65.25208666088034,343.847734468105,27597168.755285338,65.25565,93476.90015863242,7502946174.473984,65.25565,4131.963775601831,331653079.5373606,65.25038832303915,302.7460405384348,24297575.009637814,65.25565,68138.3035202938,5469137539.490004,65.25565,3715.3240709315974,298211392.09388995
66.75002155550482,318.18492561439234,26724015.037218183,66.75555,130059.30887567808,10924627510.834042,66.75555,8608.422809213549,723084056.4924176,66.7500138521709,372.70826498139576,31303368.25827428,66.75555,85647.23657578876,7194134468.430569,66.75555,4105.687771268499,344866584.057964,66.75204972882938,316.8481986406112,26612713.46412036,66.75555,88325.10034368544,7419067727.279375,66.75555,4078.8176598138803,342609567.9216035,66.75038145006499,208.53875030488177,17515061.993440043,66.75555,63152.070825534014,5304601848.732312,66.75555,3172.8669804240008,266512179.72940543
68.25002116711735,282.7896207073858,24830618.53484931,68.25545000000001,122903.28430782851,10792642767.428371,68.25545000000001,8253.08328602043,724737179.6245706,68.25001360258221,318.34657434070243,27952727.928548552,68.25545000000001,80805.77938975347,7095887757.669021,68.25545000000001,3869.5506783024252,339801156.4668828,68.25201279677839,312.5211751977003,27442159.559086207,68.25545000000001,84057.93472268159,7381472890.1588,68.25545000000001,3723.9417876326256,327014641.0404551,68.25037457709084,146.55173189790344,12868195.421498502,68.25545000000001,57560.44835979834,5054619656.252275,68.25545000000001,2715.3553413503405,238446517.93374467
69.75002077872986,236.04569231325698,21647238.892777704,69.75535,115945.16639776087,10633998488.57571,69.75535,8005.189749338136,734202022.7319065,69.75001335299356,285.37502411208345,26171121.85700603,69.75535,76437.5308509745,7010525861.433578,69.75535,3732.6271020972904,342340713.246722,69.7519758647274,325.72163605061826,29872172.051305592,69.75535,80625.7810873798,7394654394.4930725,69.75535,3483.98705888678,319536503.9308343,69.75036770411671,128.7798793455497,11810190.06668354,69.75535,53464.77265810858,4903561996.6073065,69.75535,2531.630572869835,232190409.6732556
71.2500203903424,208.5233509340783,19954540.51986377,71.25525,110533.11951948359,10578263188.898645,71.25525,7611.926708572589,728478165.1683545,71.25001310340488,248.11409841370377,23743155.160619944,71.25525,72554.68722813898,6943643501.8211,71.25525,3539.4221327610585,338730500.1408175,71.25193893267644,416.5796645850735,39865563.61479531,71.25525,78157.51796393907,7479846753.695276,71.25525,3396.388458798923,325041862.2499826,71.25036083114256,132.2864495714284,12659153.608631874,71.25525,50144.250037959835,4798915262.841016,71.25525,2394.7408265706385,229181975.8891326
72.75002000195494,192.11695860964826,19166743.59102604,72.75515,104322.32226788114,10408599002.8855,72.75515,7250.477500547321,723405223.7531099,72.75001285381623,218.11885844251842,21760847.28670459,72.75515,68108.12610531463,6795383366.254278,72.75515,3368.5945673587794,336096333.8690087,72.75190200062545,668.1740737979161,66662890.08134853,72.75515,76423.25796241651,7625012838.405501,72.75515,3602.3816841943803,359422083.31823957,72.7503539581684,137.91583162401952,13759379.913991885,72.75515,46910.35969735595,4680408876.607501,72.75515,2280.1275218141677,227496211.10872886
74.25001961356745,176.08454282461219,18299118.111323442,74.25505000000001,100102.83853450404,10403640044.663282,74.25505000000001,6923.857158299045,719593156.8991382,74.25001260422755,208.09651225856717,21625874.87089319,74.25505000000001,64802.579426265904,6734901029.6465435,74.25505000000001,3211.3835069264655,333757549.14197963,74.25186506857446,1675.9421405893331,174172246.50607815,74.25505000000001,74260.67863302962,7717876748.361735,74.25505000000001,3932.6542958048353,408718876.63355136,74.25034708519428,138.6103944023338,14404781.61583447,74.25505000000001,44323.21723818153,4606490730.115638,74.25505000000001,2205.5496522760996,229221718.57298264
75.75001922517998,170.98087116752436,18493887.94709247,75.75495000000001,94969.47160412809,10272884607.778305,75.75495000000001,6602.1423276101805,714156298.33535,75.7500123546389,184.0900723402162,19911823.14297017,75.75495000000001,61859.949786495,6691414780.62094,75.75495000000001,3096.6390105587534,334964643.79646075,75.75182813652349,3084.2988285876745,333616333.4621798,75.75495000000001,71943.27155175463,7782131610.018452,75.75495000000001,3944.220852535971,426647900.6495153,75.75034021222012,146.37372473713407,15832358.8057541,75.75495000000001,42087.10008846873,4552577953.545884,75.75495000000001,2139.684606343254,231450514.43087474
77.25001883679249,167.15236367680149,18802879.642584488,77.25485,91731.78836134834,10319464907.660505,77.25485,6356.627064587263,715095509.3745114,77.25001210505022,151.63772058718274,17057644.377248913,77.25485,59520.13135591108,6695780359.226825,77.25485,2942.270523634319,330993845.86163497,77.25179120447251,1463.2967354795678,164609006.49591535,77.25485,66617.20002592397,7494172633.003906,77.25485,3605.2360953365137,405574861.6074325,77.25033333924598,155.87300988045808,17534138.150154,77.25485,39330.577880305565,4424535109.192719,77.25485,2045.068722354624,230062176.82097358
78.75001844840503,179.0563098780827,20931728.809796885,78.75475,88588.65753748632,10356593517.939676,78.75475,6118.204442068358,715258117.9971318,78.75001185546157,122.92300650522972,14369730.090473078,78.75475,56093.823134264065,6557734829.912605,78.75475,2836.347457345317,331587570.10102785,78.75175427242152,545.6296794748957,63785508.002072394,78.75475,61082.12409214528,7140899839.993768,78.75475,3215.854877064705,375954469.79597664,78.75032646627184,160.10484876129183,18716363.607158873,78.75475,37343.55429643423,4365705758.659058,78.75475,1981.9634166756616,231704487.2844019
80.25001806001754,204.16865478993122,24785232.644303568,80.25465,85175.3683496936,10340445278.553452,80.25465,5871.760763329082,712842480.6181661,80.25001160587291,97.78727352322801,11870970.8934587,80.25465,53252.54061082041,6464955688.47299,80.25465,2718.83309796195,330071303.66107345,80.25171734037055,255.20892451250694,30981868.051698763,80.25465,56613.2069677421,6872946721.990479,80.25465,2925.7063911345863,355186099.27737546,80.25031959329769,141.67471347698265,17198780.797233753,80.25465,35290.12476085641,4284285598.4464035,80.25465,1886.4086938682085,229013460.69731286
81.75001767163008,157.9475568842786,19897651.409287263,81.75455000000001,81015.34968416806,10206469127.126097,81.75455000000001,5677.747368844943,715293502.498599,81.75001135628423,78.91354398811207,9941236.974024959,81.75455000000001,50256.77798609654,6331445274.797893,81.75455000000001,2665.4036226210947,335792660.17694557,81.75168040831957,144.00547099082013,18141574.723969325,81.75455000000001,52770.256104839944,6648098068.628575,81.75455000000001,2662.5024496221986,335427164.83857924,81.75031272032356,138.2340155379092,17414262.496734057,81.75455000000001,33048.6542683069,4163532846.522482,81.75455000000001,1819.449904934323,229217788.42477357
83.25001728324261,124.36153114310153,16246786.934380595,83.25445,77642.45723091763,10143739772.709093,83.25445,5436.625092145538,710277754.5085838,83.25001110669558,71.17410206467889,9298296.637928702,83.25445,47422.53923754784,6195603726.915771,83.25445,2532.254923920862,330831041.4496513,83.25164347626858,91.49291182942207,11952954.304273624,83.25445,50186.58704748519,6556717770.742892,83.25445,2535.0289873590536,331193464.0034135,83.25030584734941,138.02501030582187,18031852.486565113,83.25445,31733.98089677418,4145943542.353733,83.25445,1751.7437231045958,228859738.72261468
84.75001689485512,111.4965776535575,15095707.481686402,84.75435,73150.41168320224,9904311097.51842,84.75435,5228.284873011785,707891571.5883701,84.7500108571069,67.54633801066092,9145210.82711514,84.75435,45621.222050226366,6176954653.259566,84.75435,2454.121832476722,332279553.05742985,84.75160654421761,71.97448888389096,9744874.140620317,84.75435,46707.463982709436,6324028029.59372,84.75435,2418.6130513110907,327471787.6974589,84.75029897437526,137.80721159325458,18657991.597110555,84.75435,30566.28451163605,4138568518.3781543,84.75435,1700.0498318983523,230180829.18420124
86.25001650646766,110.97091857297907,15561071.974904863,86.25425000000001,69769.24263583856,9783812651.144356,86.25425000000001,5076.116342787107,711829015.4368136,86.25001060751825,62.07830214118762,8705027.38355948,86.25425000000001,43277.990930965934,6068917178.828511,86.25425000000001,2360.912227116159,331073149.76119995,86.25156961216663,65.64685705018184,9205541.238966005,86.25425000000001,44384.21221539455,6224043727.271197,86.25425000000001,2307.0921466357067,323525904.5225111,86.25029210140113,103.25661041133654,14479350.884190857,86.25425000000001,29703.82374725912,4165397753.8881025,86.25425000000001,1634.3073745466766,229180603.98630142
87.75001611808017,108.2841563298905,15717045.584268812,87.75415000000001,66876.4486066508,9707139527.862371,87.75415000000001,4914.761539001364,713379328.5864362,87.75001035792957,57.294174625769394,8316037.635949536,87.75415000000001,41167.67555947576,5975502273.514253,87.75415000000001,2276.1668340191627,330386399.20121944,87.75153268011564,59.98343262450708,8706462.639151111,87.75415000000001,42216.25865851123,6127704471.163297,87.75415000000001,2209.4239176382725,320698641.9218755,87.75028522842697,40.653587318917864,5900728.816693878,87.75415000000001,29147.686080313164,4230796664.4597454,87.75415000000001,1591.0189060020593,230936941.68582126
89.2500157296927,100.21317300542688,15047094.523692928,89.25405,64212.99373693791,9641867770.065657,89.25405,4761.80989164268,715007020.3781595,89.25001010834092,57.47792100360814,8630359.218424216,89.25405,40101.96541874056,6021489193.78012,89.25405,2197.79405285183,330008591.87856567,89.25149574806467,53.64765733813189,8055312.999995148,89.25405,40303.50803225885,6051751717.242858,89.25405,2125.466358278446,319148265.53951967,89.25027835545282,30.134507398366495,4524729.392407768,89.25405,27428.842208151378,4118563148.4560447,89.25405,1491.775330646438,223996727.82215974
90.75001534130523,85.2346478718313,13231847.40238192,90.75395,61423.341998421114,9535568050.225294,90.75395,4623.000758568738,717690325.7837796,90.75000985875226,53.679419328256536,8333205.836382608,90.75395,38001.11810177055,5899422529.848602,90.75395,2107.4969873782225,327174984.052584,90.7514588160137,48.08460082798059,7464720.683199642,90.75395,38659.91185809956,6001695908.179274,90.75395,2065.7462971373293,320693465.2197899,90.7502714824787,56.28022144035523,8736966.76921958,90.75395,26281.542591948637,4080035857.6526594,90.75395,1467.662366393482,227844886.23005044
92.25001495291775,76.51553527585953,12274197.029245548,92.25385,58312.293331791385,9354290577.43533,92.25385,4484.949753157954,719462755.0922205,92.25000960916358,53.00083783830124,8502099.721708957,92.25385,36366.51397124221,5833811697.985412,92.25385,2043.804084394511,327861179.80292594,92.2514218839627,45.94804163393824,7370774.780460391,92.25385,37309.225240772306,5985038731.633903,92.25385,1967.380706954541,315601561.1421599,92.25026460950454,32.02811096978837,5137777.201651699,92.25385,24156.183643309494,3875065584.4676533,92.25385,1392.2345203425823,223338262.1588745
93.75001456453029,67.30030999052883,11149875.75090359,93.75375000000001,55908.877554264116,9262740579.486692,93.75375000000001,4376.385571131864,725060598.5043857,93.75000935957493,53.81002095320363,8914892.617382295,93.75375000000001,34966.13683062873,5793038041.49162,93.75375000000001,1949.2553230807505,322944175.78596944,93.75138495191173,43.30100489114244,7173862.585269293,93.75375000000001,36162.638282621,5991269217.605408,93.75375000000001,1878.8125954680313,311273529.9041099,93.7502577365304,35.57351142904122,5893592.099778735,93.75375000000001,23147.966833571947,3835054844.6234336,93.75375000000001,1364.7152389876935,226100107.47123417
95.2500141761428,54.15307356524942,9261113.246024441,95.25365000000001,53968.24562373235,9229596089.48862,95.25365000000001,4259.294872386877,728420404.3289064,95.25000910998625,54.97397004953035,9401500.62865625,95.25365000000001,34151.96630897118,5840635563.57325,95.25365000000001,1882.2474942821673,321900108.33031416,95.25134801986076,42.348593083991474,7242369.069490913,95.25365000000001,35047.389120500135,5993769888.845671,95.25365000000001,1840.2045086587402,314709958.43354285,95.25025086355626,39.231190267814874,6709217.16535377,95.25365000000001,22045.79041703475,3770249313.6681247,95.25365000000001,1313.4316172386355,224621778.5694635
96.75001378775534,54.275333610861985,9576664.71068741,96.75355,51874.169452033646,9153050118.981565,96.75355,4109.103015374176,725039576.3647959,96.7500088603976,56.03284266036933,9886770.034277825,96.75355,32735.24947249989,5776041953.909489,96.75355,1846.2668742741726,325768555.17412895,96.75131108780977,40.43806050147658,7135150.927938845,96.75355,34459.23196023915,6080233775.797162,96.75355,1777.787018178999,313685478.729708,96.7502439905821,38.625539336365996,6815324.309043218,96.75355,21424.271712618804,3780251998.6291795,96.75355,1298.5579955687194,229126876.46662202
98.25001339936784,50.46045342328525,9181757.7753592,98.25345,49789.35752926257,9059677597.925615,98.25345,4004.0812196487,728583109.44474,98.25000861080892,54.68302057001745,9950093.840960344,98.25345,31379.610335914855,5709837742.429964,98.25345,1790.1749658543024,325740456.18052965,98.2512741557588,63.44068151278214,11543648.311134093,98.25345,34155.22300822372,6214888564.446617,98.25345,1760.900245013317,320413624.38856035,98.25023711760797,30.36264043210334,5524771.484967366,98.25345,20627.721670162504,3753422763.119231,98.25345,1247.058714707952,226914956.56069532
99.75001301098038,49.94520891105366,9367613.212750368,99.75335000000001,48514.88570940509,9099349426.733074,99.75335000000001,3897.544447209191,731015199.0011668,99.75000836122027,47.57441053940372,8922951.493579365,99.75335000000001,30889.37906668437,5793546652.591334,99.75335000000001,1736.1492183521266,325628478.01727235,99.75123722370782,207.79630140505975,38973822.995818466,99.75335000000001,34512.28419721297,6473051081.810115,99.75335000000001,1760.6801077999967,330229439.79572004,99.75023024463383,20.34878360626061,3816573.0903058597,99.75335000000001,19761.239081171025,3706376236.3956256,99.75335000000001,1222.2203675828512,229237068.96315554
101.2500126225929,49.7287401812245,9609628.152655922,101.25325000000001,46743.428050208844,9032721372.670454,101.25325000000001,3796.1809403127213,733575737.6899047,101.25000811163159,42.002738959883594,8116648.49565758,101.25325000000001,29498.049323516505,5700216515.793695,101.25325000000001,1682.7775648432257,325180704.74169755,101.25120029165683,164.10200927466323,31711196.72035167,101.25325000000001,33017.26800605428,6380271940.370501,101.25325000000001,1767.180422503017,341490751.48193985,101.25022337165967,17.689455727661013,3418326.3820132054,101.25325000000001,19174.861631879066,3705359014.1961966,101.25325000000001,1179.5208249340274,227931142.6078403
102.75001223420543,46.2109763550362,9196395.336232746,102.75315,45376.419666244474,9030262922.658785,102.75315,3670.0122685278284,730361186.6681371,102.75000786204293,41.735899614582216,8305815.321313471,102.75315,29246.755928355746,5820333503.842974,102.75315,1604.3609341162726,319280391.9849557,102.75116335960585,290.64485248707933,57840797.6581066,102.75315,31941.3523798044,6356579303.005176,102.75315,1975.7542425395002,393190569.2850993,102.75021649868555,18.78781233536391,3738940.471567542,102.75315,18814.4623894828,3744225379.066058,102.75315,1166.5988049503753,232162299.5257641
104.25001184581797,45.31672056793415,9283659.491969239,104.25305,43701.34097286786,8952657345.69399,104.25305,3564.5196066530198,730227538.3308042,104.25000761245428,36.656291207403285,7509469.471662729,104.25305,27681.14348671036,5670759456.268555,104.25305,1556.6039490138362,318885907.5772309,104.25112642755488,640.7978568664436,131274533.91915464,104.25305,32281.839988152715,6613258208.298121,104.25305,2311.8234970862195,473600195.1516018,104.25020962571139,19.376652906976098,3969531.5609224923,104.25305,19039.604993557317,3900453755.1950765,104.25305,1112.7843787001214,227965023.96410087
105.75001145743047,41.56976756499359,8762877.37815648,105.75295,42478.5588456663,8954352879.05609,105.75295,3484.015643839593,734420054.7018857,105.7500073628656,27.001894660420113,5691980.237553961,105.75295,25685.668105886503,5414461846.270678,105.75295,1488.1500844803436,313697577.21414787,105.75108949550389,1291.677402957531,272283593.54595596,105.75295,32467.446930778253,6844040494.793647,105.75295,2716.007871958673,572526318.4227189,105.75020275273724,15.959025517910101,3364148.83296444,105.75295,18310.54144049384,3859807251.4762135,105.75295,1085.2890829595563,228775685.63271752
107.25001106904301,41.20036279627863,8933133.4432494,107.25285000000001,41033.12446563644,8896752672.013405,107.25285000000001,3398.4321068749437,736843960.1233969,107.25000711327695,22.772574263856885,4937588.767592606,107.25285000000001,24761.55987029085,5368771615.812978,107.25285000000001,1433.7894095823494,310872494.525465,107.25105256345292,781.1486763929746,169369160.9710947,107.25285000000001,30760.523699637302,6669459734.816591,107.25285000000001,2424.0592229859985,525581603.88883555,107.25019587976311,15.564168402127574,3374646.7727362886,107.25285000000001,16887.333397079678,3661491306.845807,107.25285000000001,1052.3405391350602,228167209.42755678
108.75001068065552,41.07274797865008,9156305.466009397,108.75275,40134.02336414319,8946893086.563892,108.75275,3362.3286112032615,749548440.070099,108.75000686368827,29.727833986371373,6627195.605326262,108.75275,24531.966936624336,5468798465.423527,108.75275,1389.9431504501679,309853628.4450815,108.75101563140194,334.4656352784659,74561641.51843445,108.75275,27964.339497109806,6233961480.685918,108.75275,1809.7819482565312,403446359.06876934,108.75018900678896,18.316352531546908,4083241.370903657,108.75275,15909.492666941938,3546629966.8269143,108.75275,1014.110727235297,226071036.3421462
110.25001029226806,38.0974931534909,8728937.56002694,110.25265,38826.75772069354,8895862602.588903,110.25265,3245.170554405446,743523102.8464677,110.25000661409962,40.860057139665855,9361899.357541725,110.25265,23698.480890433024,5429720179.262117,110.25265,1364.6930784761837,312674115.31398284,110.25097869935095,156.46194280671023,35848480.67794984,110.25265,25855.276293506697,5923878246.893215,110.25265,1511.8600616500746,346392544.01643133,110.2501821338148,19.040023805270085,4362464.948573059,110.25265,15338.609455464144,3514333161.9950337,110.25265,984.7758344465989,225628690.93026853
111.7500099038806,38.65741650101989,9099876.500329848,111.75255000000001,37328.60339954758,8786892511.445322,111.75255000000001,3143.8116051959237,740031293.3064559,111.75000636451094,23.65397802815487,5568098.040787239,111.75255000000001,22320.09746526454,5253995044.310704,111.75255000000001,1316.5248757912254,309900760.2401114,111.75094176729998,76.04450257602674,17900582.238570686,111.75255000000001,24276.78141549913,5714584779.360635,111.75255000000001,1384.1198341606978,325812141.31030095,111.75017526084068,21.448356053476658,5048892.1065578535,111.75255000000001,14979.156575316609,3525988833.030161,111.75255000000001,953.6355215349721,224479140.91866237
113.2500095154931,39.72401151300776,9603663.909967788,113.25245000000001,36036.627339809536,8712000016.101488,113.25245000000001,3082.1912571184944,745132168.6805253,113.25000611492229,17.940281892190207,4337236.768815472,113.25245000000001,21197.561123408814,5124595903.691633,113.25245000000001,1295.3842196655808,313164360.14302665,113.250904835249,41.23791704200435,9969579.94703425,113.25245000000001,22299.271147850977,5390938745.938591,113.25245000000001,1309.736011058703,316633963.6014458,113.25016838786652,30.118175044418876,7281349.006553125,113.25245000000001,15119.751123531114,3655260820.874303,113.25245000000001,936.4534767115717,226391405.25719982
114.75000912710564,44.209495081193396,10973071.450042263,114.75235,35251.360254885636,8749382605.871082,114.75235,3002.899404298744,745319205.4201853,114.75000586533363,17.39178728466602,4316749.851552004,114.75235,20471.506024379625,5081024886.149411,114.75235,1260.696052235709,312904581.01379836,114.75086790319801,24.88990589769487,6177771.293364299,114.75235,21281.111369763243,5281968817.824726,114.75235,1242.2083323139145,308315931.5564048,114.75016151489238,28.38682656604353,7045775.036548081,114.75235,14428.074274272896,3581045984.5742726,114.75235,892.1335927532901,221427430.94479874
116.25000873871815,56.33592582337584,14350877.605693769,116.25225,34841.78151265415,8875264016.080175,116.25225,2947.3592878297018,750782270.425355,116.25000561574495,17.60462269570989,4484559.217096746,116.25225,19681.61250419253,5013506762.662291,116.25225,1236.405363000996,314950141.78726363,116.25083097114704,17.736396827209994,4518080.702097734,116.25225,20296.918317555006,5170243912.92074,116.25225,1176.4013475421402,299665289.63270646,116.25015464191824,26.490344587329737,6748074.130258342,116.25225,13680.140817416128,3484748949.6949644,116.25225,863.5129246923202,219963068.913639
117.75000835033069,63.62779986389473,16629365.666209819,117.75215,33691.753653043495,8805202511.035051,117.75215,2863.5858008144296,748386478.8859937,117.7500053661563,16.057115304752593,4196587.870285399,117.75215,19310.72165169747,5046778405.435291,117.75215,1193.0886683020512,311808861.1891444,117.75079403909606,19.949219174892608,5213746.283906596,117.75215,19342.83266761251,5055170488.580583,117.75215,1131.1095973338904,295610883.5789415,117.75014776894409,29.99448589563802,7839156.780156471,117.75215,12882.031394766473,3366666406.044545,117.75215,836.3733917806743,218582777.41517445
119.2500079619432,52.22752484588225,13999838.139872171,119.25205000000001,32860.485506719255,8808127187.888124,119.25205000000001,2797.0533256268045,749739423.0036151,119.25000511656762,16.426236712554353,4403131.609382713,119.25205000000001,18690.926672766716,5010031253.480907,119.25205000000001,1169.0101279700216,313348684.0595783,119.25075710704508,28.030807527613987,7513703.533426516,119.25205000000001,18662.306413659484,5002359702.726878,119.25205000000001,1096.8080617112257,293995196.94491714,119.25014089596996,22.772681803114793,6104313.62948269,119.25205000000001,12357.152646250552,3312287402.6333866,119.25205000000001,824.5275213468233,221011441.73453945
120.75000757355573,41.46562875795699,11396439.35761296,120.75195000000001,31944.50854718494,8779348113.466223,120.75195000000001,2723.235572816227,748430142.6460707,120.75000486697897,15.845416694243049,4354964.448289589,120.75195000000001,18265.417107090907,5019906785.667033,120.75195000000001,1116.7932024198271,306929633.3144069,120.75072017499409,27.868160144591467,7659206.369312995,120.75195000000001,17966.38602103196,4937723708.804807,120.75195000000001,1028.8565877474207,282761906.6145754,120.75013402299581,14.589589560971307,4009802.9882218745,120.75195000000001,12003.499511249041,3298936361.265877,120.75195000000001,779.3991309050651,214203210.52807656
122.25000718516827,39.18488572566278,11038824.541970622,122.25185,30899.76730409429,8704497513.291548,122.25185,2687.1114100963823,756962159.5183365,122.25000461739029,15.04761544984207,4239083.310889104,122.25185,17820.42907355095,5020033938.441962,122.25185,1091.9254827504285,307596576.8855932,122.25068324294313,21.026418213439587,5923300.510990154,122.25185,17542.081256611975,4941623060.569286,122.25185,999.5226772320531,281566607.6971428,122.25012715002165,5.810088703351506,1636763.6955449283,122.25185,11242.242638746102,3166951780.8899236,122.25185,773.9441309177482,218020889.82422486
123.75000679678078,37.30175755666072,10767777.822029639,123.75175,29876.748187694255,8624094575.278324,123.75175,2639.1353683205666,761801547.8248432,123.75000436780164,12.812814979640995,3698634.095636309,123.75175,17098.437996798704,4935562111.63102,123.75175,1056.8484162226823,305065351.69016755,123.75064631089214,13.389278622004918,3864985.5774447885,123.75175,17131.769143965455,4945183338.267289,123.75175,966.8453589081884,279085453.4272069,123.75012027704753,3.1674247472140196,914327.991067201,123.75175,10609.583126345555,3062516968.4151807,123.75175,741.9934073184396,214180649.0701986
125.25000640839332,39.599876633615445,11709963.673829895,125.25165000000001,29107.005730027144,8606801797.888025,125.25165000000001,2569.540827975264,759800881.7220776,125.25000411821296,11.603571752932924,3431258.4499978554,125.25165000000001,16955.412071961386,5013633915.43722,125.25165000000001,1018.5613993459758,301183713.792539,125.25060937884115,13.274769178264883,3925385.3179414095,125.25165000000001,16086.21248785137,4756615773.04808,125.25165000000001,933.6309677128694,276070193.0664569,125.25011340407337,3.3250001403298945,983223.4937229264,125.25165000000001,10219.258632771045,3021785696.179699,125.25165000000001,716.9017165972562,211984394.42889827
126.75000602000583,45.82266035577643,13876577.201169334,126.75155000000001,28729.58477767431,8699877629.135807,126.75155000000001,2555.4126519937436,773828704.324583,126.7500038686243,11.288447633937736,3418505.6702302415,126.75155000000001,16606.47876916684,5028765095.65373,126.75155000000001,1003.1875501207361,303784722.00911,126.75057244679019,10.391602570916076,3146863.3603388323,126.75155000000001,15458.482284934566,4681129408.998763,126.75155000000001,911.6437362281221,276063472.8252714,126.75010653109922,3.4427368392047852,1042568.7290030681,126.75155000000001,9995.491456347658,3026829422.9185357,126.75155000000001,703.678595017236,213087579.03279877
128.25000563161836,47.148888444761205,14618142.985648472,128.25145,28030.230370864418,8690171633.98292,128.25145,2499.4974244707914,774915558.3083274,128.25000361903562,10.724297863589586,3324984.6252622,128.25145,16260.248692065386,5041141299.08012,128.25145,977.5065410434348,303054933.99861956,128.2505355147392,8.635147232505554,2677216.554000747,128.25145,15092.874966192914,4679222117.374834,128.25145,884.474847714649,274212453.1580926,128.2500996581251,3.286528540387014,1018959.4805222991,128.25145,9664.90841132223,2996397525.4522758,128.25145,683.6976114747082,211965778.04922825
129.7500052432309,51.23906756744608,16260048.388017818,129.75135,27679.518738449162,8783332233.74732,129.75135,2486.333153286142,788969285.754148,129.75000336944697,10.911838380984745,3462729.510779538,129.75135,16322.4625099271,5179483518.202507,129.75135,946.1956282547986,300249098.96778095,129.75049858268824,7.959479817387215,2525794.558150921,129.75135,14729.792583915701,4674093622.119377,129.75135,856.9224837023525,271920727.52589303,129.75009278515094,2.792497144407932,886159.8350468286,129.75135,9308.78439730898,2953886114.367792,129.75135,665.6176734851263,211215419.67970538
131.25000485484344,51.69151804936216,16785090.237752363,131.25124999999997,27568.469318596894,8951512970.719633,131.25124999999997,2507.6693906253004,814243069.393649,131.25000311985832,11.024490930797855,3579834.648173266,131.25124999999997,15739.294812136692,5110566714.191171,131.25124999999997,933.3478785894723,303059105.12599105,131.25046165063725,5.257446723447668,1707150.13388036,131.25124999999997,14181.120681311779,4604625822.750017,131.25124999999997,832.6578073732045,270364925.84099555,131.25008591217681,2.703031262871271,877716.2147646701,131.25124999999997,9015.924203407627,2927480721.44094,131.25124999999997,643.5826866686372,208972021.65514007
132.75000446645595,60.9145633072698,20234657.383803383,132.75115,27396.774876177464,9100239333.12786,132.75115,2686.6850764719375,892421729.1684688,132.75000287026967,14.86865704424025,4939084.930067178,132.75115,15855.085320594982,5266498400.512023,132.75115,910.0207302249516,302276690.6171806,132.75042471858626,4.412786301297379,1465817.1050512083,132.75115,13488.102376535646,4480270408.869784,132.75115,804.7783437050948,267318893.22501275,132.75007903920266,2.514852022887745,835383.2559830793,132.75115,8748.522081433759,2905949518.219686,132.75115,636.5446780328592,211437621.49043372
134.25000407806846,102.80446805080977,34925781.61137005,134.25105,27483.46778959905,9336489188.945316,134.25105,2818.111326426192,957348837.2664466,134.250002620681,20.647685392285062,7014642.607828921,134.25105,15245.899862383834,5179229212.65265,134.25105,877.3856537264826,298059245.4076382,134.25038778653527,4.067223300841208,1381732.7852058406,134.25105,13146.854719829224,4466156450.852702,134.25105,800.9877492287469,272105889.92637956,134.2500721662285,2.7935929717646837,949064.7348018216,134.25105,8483.391254636275,2881917643.7581687,134.25105,616.8060799810977,209536996.6230623
135.75000368968102,173.1757471643858,60155064.89145839,135.75095,26975.780627684588,9369930368.751556,135.75095,2820.7645227242338,979781364.9717312,135.7500023710923,47.4469757867386,16481384.736329276,135.75095,14743.935647201582,5121247547.285179,135.75095,840.0662438013894,291793676.63894403,135.7503508544843,3.947460002819584,1371180.1208140352,135.75095,12738.60713810103,4424704646.225958,135.75095,771.494175100452,267975440.6502649,135.75006529325435,4.505179411719186,1564932.957699804,135.75095,8362.24672804314,2904593221.95378,135.75095,596.8798645671972,207323852.70678028
137.25000330129353,111.58929675493306,39623478.68566279,137.25085,25787.668837326455,9156271485.642807,137.25085,2819.0967241303697,1000959610.3181564,137.25000212150366,99.92282824782292,35480915.0046693,137.25085,14636.28938195734,5196818679.851114,137.25085,832.4576625974397,295575703.53210855,137.25031392243332,3.66531649631392,1301466.2996522882,137.25085,12264.869579148772,4354813004.273502,137.25085,749.3250376713278,266058305.58740494,137.25005842028023,2.9786068482666694,1057649.3710542049,137.25085,7916.789124235743,2810966395.347974,137.25085,578.9988462730439,205581615.76343507
138.75000291290604,46.109410221322115,16732499.068006279,138.75074999999998,24062.547083078367,8731496285.834736,138.75074999999998,2642.75624926059,958968154.7475364,138.750001871915,69.25702126936167,25132464.894352507,138.75074999999998,14263.280124829851,5175668934.954647,138.75074999999998,797.5023266115822,289387012.05287164,138.75027699038236,3.1403625322723,1139573.0351049579,138.75074999999998,12105.678103729733,4392747078.49027,138.75074999999998,737.5477382596665,267631490.34080645,138.75005154730607,1.8250454262555584,662282.6042812949,138.75074999999998,7746.08721461549,2810796858.314736,138.75074999999998,575.7304833716737,208913402.21986565
140.25000252451858,20.94334418686268,7765276.70740341,140.25065,22922.908052954717,8498764323.45697,140.25065,2239.514260252599,830309306.8706257,140.25000162232632,26.49016010408262,9821900.350987677,140.25065,13484.15770564149,4999308036.12859,140.25065,806.2352818346702,298915112.9402869,140.25024005833137,3.070041159186343,1138271.8459812962,140.25065,11662.484032966191,4323914879.9658375,140.25065,711.890278819902,263936307.29023325,140.25004467433195,1.3212411754159035,489881.8949324646,140.25065,7342.3684958849735,2722213921.477483,140.25065,548.049086182104,203191497.79721278
141.75000213613112,15.326287842050384,5804812.406245813,141.75054999999998,21996.07949510597,8330498817.968039,141.75054999999998,2031.7229664537058,769467385.0513638,141.75000137273764,14.954384287984054,5663954.862060766,141.75054999999998,12931.161490233933,4897373894.894111,141.75054999999998,776.8126363822582,294199552.7250599,141.75020312628038,2.9026659648967286,1099357.4476420484,141.75054999999998,11246.206297475523,4259236664.8151727,141.75054999999998,702.9386696523239,266221521.79189962,141.7500378013578,1.0958674119891934,415056.8301021992,141.75054999999998,7037.8456613875005,2665418852.3129635,141.75054999999998,535.9661081574527,202984583.29676443
143.25000174774362,13.761307165880785,5322969.032110554,143.25045,21016.05024075121,8128664979.897939,143.25045,1985.0526184252892,767785931.1242104,143.250001123149,12.79924988473062,4950839.019844897,143.25045,12715.37610207163,4918099797.207483,143.25045,766.8091866877331,296589269.18656796,143.2501661942294,2.5979601793917473,1004886.83617985,143.25045,10795.182925500556,4175400438.8491573,143.25045,689.9222145666316,266850644.15800276,143.25003092838364,1.1431344829463346,442170.6130223351,143.25045,6793.054568784881,2627442556.8676023,143.25045,522.1824710214765,201971651.0326121
144.75000135935616,12.49451771359604,4934708.996183317,144.75034999999997,20558.41278233036,8119043753.26167,144.75034999999997,1938.7696291849684,765669782.6583564,144.75000087356034,14.20735423171275,5611194.154362676,144.75034999999997,11990.67241524051,4735423643.893303,144.75034999999997,749.8603046789724,296139039.86573195,144.75012926217843,2.5189209067502523,994825.1766213848,144.75034999999997,10446.307774854007,4125514492.878244,144.75034999999997,673.0323170523567,265797699.82066488,144.75002405540948,0.9523527532588306,376130.1527239646,144.75034999999997,6596.018587995865,2604936678.7349453,144.75034999999997,506.79444346434036,200146105.82843181
146.2500009709687,10.008366765729203,4035150.9434421407,146.25025,19788.17587124821,7977649867.540996,146.25025,1894.2763936504714,763682004.8102028,146.2500006239717,15.060633855281548,6072113.229620646,146.25025,11646.74532928467,4695412904.049083,146.25025,726.8926729139177,293048498.9378887,146.25009233012744,2.199634126762274,886823.0728308174,146.25025,10171.531976378215,4100677154.479129,146.25025,645.9502482233684,260416369.13408798,146.25001718243536,1.0830891545354842,436675.6735636161,146.25025,6262.509485068236,2524745498.9835515,146.25025,492.81447253481105,198679319.26216638
147.7500005825812,8.776488297092968,3611440.810333482,147.75015,19117.646193930548,7866221652.445177,147.75015,1861.5890650541373,765976734.946224,147.750000374383,11.54724349365403,4751580.441918224,147.75015,11294.463878377464,4647264386.609429,147.75015,691.9179257471613,284699262.3472257,147.75005539807646,2.3096784908039356,950388.1108191351,147.75015,9872.226684818577,4062065095.1591244,147.75015,639.9583192751926,263319758.96400625,147.75001030946123,0.9640522383210014,396696.59273971105,147.75015,6018.268355381895,2476300291.73573,147.75015,477.481758846385,196466516.4311642
149.25000019419372,7.602515704086398,3192204.260123051,149.25005,18606.319470993014,7812054570.325565,149.25005,1816.8269944850924,762813497.2037349,149.25000012479433,8.416770667477351,3534100.3804810056,149.25005,10958.86626401286,4601192697.826943,149.25005,673.6808654593257,282851839.24510634,149.2500184660255,1.9700893203562835,827196.6924601309,149.25005,9407.28809474198,3949746647.6090884,149.25005,626.7500857027285,263147468.74571595,149.25000343648708,1.0189720139615235,427852.17547795735,149.25005,5879.239595207298,2468459203.948463,149.25005,469.0811409404173,196948540.8788128
